run_id,date,total_asset,cash,market_value,daily_return,benchmark_close,benchmark_return
20260816_083613_b5341f,2019-01-02,100000.0,100000.0,0,0.0,2969.535,0.0
20260816_083613_b5341f,2019-01-03,99934.365935,29620.547935,70313.818,-0.00065634,2964.842,-0.00158038
20260816_083613_b5341f,2019-01-04,100813.220935,29620.547935,71192.673,0.00879432,3035.874,0.02395811
20260816_083613_b5341f,2019-01-07,102269.917935,29620.547935,72649.37,0.01444946,3054.303,0.00607041
20260816_083613_b5341f,2019-01-08,102305.953935,29620.547935,72685.406,0.00035236,3047.703,-0.00216089
20260816_083613_b5341f,2019-01-09,101931.317935,29620.547935,72310.77,-0.00366192,3078.475,0.01009678
20260816_083613_b5341f,2019-01-10,101730.419935,29620.547935,72109.872,-0.00197092,3072.686,-0.00188048
20260816_083613_b5341f,2019-01-11,101365.940935,29620.547935,71745.393,-0.00358279,3094.778,0.0071898
20260816_083613_b5341f,2019-01-14,101269.474935,29620.547935,71648.927,-0.00095166,3067.784,-0.00872244
20260816_083613_b5341f,2019-01-15,102533.963935,29620.547935,72913.416,0.01248638,3127.99,0.01962524
20260816_083613_b5341f,2019-01-16,102634.937935,29620.547935,73014.39,0.00098479,3128.651,0.00021132
20260816_083613_b5341f,2019-01-17,102118.517935,29620.547935,72497.97,-0.00503162,3111.416,-0.00550876
20260816_083613_b5341f,2019-01-18,102557.786935,29620.547935,72937.239,0.00430156,3168.173,0.01824153
20260816_083613_b5341f,2019-01-21,102833.505935,29620.547935,73212.958,0.00268843,3185.636,0.00551201
20260816_083613_b5341f,2019-01-22,102337.833935,29620.547935,72717.286,-0.00482014,3143.317,-0.01328432
20260816_083613_b5341f,2019-01-23,102307.752935,29620.547935,72687.205,-0.00029394,3141.053,-0.00072026
20260816_083613_b5341f,2019-01-24,102294.557935,29620.547935,72674.01,-0.00012897,3158.781,0.00564397
20260816_083613_b5341f,2019-01-25,102488.299935,29620.547935,72867.752,0.00189396,3184.469,0.00813225
20260816_083613_b5341f,2019-01-28,101148.602935,29620.547935,71528.055,-0.01307171,3183.777,-0.0002173
20260816_083613_b5341f,2019-01-29,100420.344935,29620.547935,70799.797,-0.00719988,3193.969,0.00320123
20260816_083613_b5341f,2019-01-30,98913.301048,22790.242048,76123.059,-0.01500736,3168.482,-0.00797973
20260816_083613_b5341f,2019-01-31,98868.09989,13971.37089,84896.729,-0.00045698,3201.633,0.01046274
20260816_083613_b5341f,2019-02-01,100024.45589,13971.37089,86053.085,0.01169595,3247.397,0.01429396
20260816_083613_b5341f,2019-02-11,102132.85089,13971.37089,88161.48,0.02107879,3306.472,0.01819149
20260816_083613_b5341f,2019-02-12,102600.04889,13971.37089,88628.678,0.00457441,3330.335,0.00721706
20260816_083613_b5341f,2019-02-13,104610.35089,13971.37089,90638.98,0.01959358,3397.027,0.02002561
20260816_083613_b5341f,2019-02-14,105560.37689,13971.37089,91589.006,0.00908157,3402.14,0.00150514
20260816_083613_b5341f,2019-02-15,104947.58589,13971.37089,90976.215,-0.00580512,3338.704,-0.01864591
20260816_083613_b5341f,2019-02-18,107065.80789,13971.37089,93094.437,0.02018362,3445.744,0.03206034
20260816_083613_b5341f,2019-02-19,107736.28389,13971.37089,93764.913,0.00626228,3439.607,-0.00178104
20260816_083613_b5341f,2019-02-20,108317.04189,13971.37089,94345.671,0.00539055,3451.927,0.0035818
20260816_083613_b5341f,2019-02-21,107638.46789,13971.37089,93667.097,-0.0062647,3442.705,-0.00267155
20260816_083613_b5341f,2019-02-22,110906.32889,13971.37089,96934.958,0.0303596,3520.118,0.0224861
20260816_083613_b5341f,2019-02-25,114755.44989,13971.37089,100784.079,0.03470605,3729.483,0.0594767
20260816_083613_b5341f,2019-02-26,112358.31289,13971.37089,98386.942,-0.02088909,3684.693,-0.01200971
20260816_083613_b5341f,2019-02-27,112750.04089,13971.37089,98778.67,0.00348642,3678.392,-0.00171005
20260816_083613_b5341f,2019-02-28,116769.80989,13971.37089,102798.439,0.03565204,3669.37,-0.0024527
20260816_083613_b5341f,2019-03-01,117719.83689,13971.37089,103748.466,0.0081359,3749.714,0.02189586
20260816_083613_b5341f,2019-03-04,121029.82489,13971.37089,107058.454,0.0281175,3794.104,0.01183824
20260816_083613_b5341f,2019-03-05,123431.97289,13971.37089,109460.602,0.01984757,3816.013,0.00577449
20260816_083613_b5341f,2019-03-06,123536.55189,13971.37089,109565.181,0.00084726,3848.09,0.00840589
20260816_083613_b5341f,2019-03-07,121259.89389,13971.37089,107288.523,-0.01842902,3808.849,-0.01019753
20260816_083613_b5341f,2019-03-08,119450.17889,13971.37089,105478.808,-0.01492427,3657.579,-0.03971541
20260816_083613_b5341f,2019-03-11,122825.40989,13971.37089,108854.039,0.02825639,3729.954,0.01978768
20260816_083613_b5341f,2019-03-12,121996.91389,13971.37089,108025.543,-0.00674531,3755.351,0.00680893
20260816_083613_b5341f,2019-03-13,120392.35289,13971.37089,106420.982,-0.01315247,3724.194,-0.00829669
20260816_083613_b5341f,2019-03-14,119750.19689,13971.37089,105778.826,-0.00533386,3698.485,-0.00690324
20260816_083613_b5341f,2019-03-15,123163.71689,13971.37089,109192.346,0.02850534,3745.005,0.01257812
20260816_083613_b5341f,2019-03-18,125748.97689,13971.37089,111777.606,0.02099044,3851.747,0.0285025
20260816_083613_b5341f,2019-03-19,124284.21989,13971.37089,110312.849,-0.01164826,3833.962,-0.00461739
20260816_083613_b5341f,2019-03-20,124207.19789,13971.37089,110235.827,-0.00061972,3835.439,0.00038524
20260816_083613_b5341f,2019-03-21,122807.67589,13971.37089,108836.305,-0.01126764,3836.891,0.00037857
20260816_083613_b5341f,2019-03-22,121665.59389,13971.37089,107694.223,-0.00929976,3833.801,-0.00080534
20260816_083613_b5341f,2019-03-25,120336.30689,13971.37089,106364.936,-0.01092574,3742.825,-0.02372997
20260816_083613_b5341f,2019-03-26,119782.81289,13971.37089,105811.442,-0.00459956,3700.438,-0.01132487
20260816_083613_b5341f,2019-03-27,121857.77789,13971.37089,107886.407,0.01732273,3743.387,0.01160646
20260816_083613_b5341f,2019-03-28,122294.58489,13971.37089,108323.214,0.00358456,3728.395,-0.00400493
20260816_083613_b5341f,2019-03-29,123955.15389,13971.37089,109983.783,0.01357843,3872.341,0.03860803
20260816_083613_b5341f,2019-04-01,125655.07889,13971.37089,111683.708,0.01371403,3973.928,0.026234
20260816_083613_b5341f,2019-04-02,124981.442803,26154.218803,98827.224,-0.00536099,3971.285,-0.00066509
20260816_083613_b5341f,2019-04-03,125445.458803,26154.218803,99291.24,0.00371268,4022.156,0.01280971
20260816_083613_b5341f,2019-04-04,126380.994803,26154.218803,100226.776,0.00745771,4062.23,0.00996331
20260816_083613_b5341f,2019-04-08,127459.085803,26154.218803,101304.867,0.00853048,4057.228,-0.00123134
20260816_083613_b5341f,2019-04-09,127039.503803,26154.218803,100885.285,-0.0032919,4075.43,0.00448631
20260816_083613_b5341f,2019-04-10,127071.392803,26154.218803,100917.174,0.00025102,4085.847,0.00255605
20260816_083613_b5341f,2019-04-11,126480.043803,26154.218803,100325.825,-0.00465368,3997.577,-0.02160384
20260816_083613_b5341f,2019-04-12,126577.365803,26154.218803,100423.147,0.00076947,3988.616,-0.00224161
20260816_083613_b5341f,2019-04-15,126308.002803,26154.218803,100153.784,-0.00212805,3975.524,-0.00328234
20260816_083613_b5341f,2019-04-16,127582.808803,26154.218803,101428.59,0.01009284,4085.789,0.02773597
20260816_083613_b5341f,2019-04-17,128144.997803,26154.218803,101990.779,0.00440646,4087.239,0.00035489
20260816_083613_b5341f,2019-04-18,127777.265803,26154.218803,101623.047,-0.00286966,4072.075,-0.00371008
20260816_083613_b5341f,2019-04-19,127849.226803,26154.218803,101695.008,0.00056318,4120.607,0.01191825
20260816_083613_b5341f,2019-04-22,127374.281803,26154.218803,101220.063,-0.00371488,4025.61,-0.02305413
20260816_083613_b5341f,2019-04-23,127199.889803,26154.218803,101045.671,-0.00136913,4019.005,-0.00164075
20260816_083613_b5341f,2019-04-24,127154.081803,26154.218803,100999.863,-0.00036013,4030.088,0.00275765
20260816_083613_b5341f,2019-04-25,125028.099803,26154.218803,98873.881,-0.01671973,3941.816,-0.02190324
20260816_083613_b5341f,2019-04-26,124197.543803,26154.218803,98043.325,-0.00664295,3889.274,-0.01332939
20260816_083613_b5341f,2019-04-29,122523.150733,14928.068733,107595.082,-0.01348169,3900.333,0.00284346
20260816_083613_b5341f,2019-04-30,123835.398258,7624.908258,116210.49,0.0107102,3913.211,0.00330177
20260816_083613_b5341f,2019-05-06,118196.816258,7624.908258,110571.908,-0.04553288,3684.616,-0.05841622
20260816_083613_b5341f,2019-05-07,118292.700258,7624.908258,110667.792,0.00081122,3720.668,0.00978447
20260816_083613_b5341f,2019-05-08,117718.134258,7624.908258,110093.226,-0.00485716,3667.457,-0.01430146
20260816_083613_b5341f,2019-05-09,116432.739556,19967.833556,96464.906,-0.01091926,3599.7,-0.0184752
20260816_083613_b5341f,2019-05-10,117940.882556,19967.833556,97973.049,0.01295291,3730.451,0.03632275
20260816_083613_b5341f,2019-05-13,117386.730556,19967.833556,97418.897,-0.00469856,3668.725,-0.01654652
20260816_083613_b5341f,2019-05-14,116911.073556,19967.833556,96943.24,-0.00405205,3645.15,-0.00642594
20260816_083613_b5341f,2019-05-15,117673.012556,19967.833556,97705.179,0.00651725,3727.092,0.02247973
20260816_083613_b5341f,2019-05-16,118017.146556,19967.833556,98049.313,0.00292449,3743.963,0.00452659
20260816_083613_b5341f,2019-05-17,116887.029556,19967.833556,96919.196,-0.00957587,3648.76,-0.0254284
20260816_083613_b5341f,2019-05-20,116618.752556,19967.833556,96650.919,-0.00229518,3617.792,-0.00848727
20260816_083613_b5341f,2019-05-21,114835.333556,19967.833556,94867.5,-0.01529273,3666.776,0.01353975
20260816_083613_b5341f,2019-05-22,113571.358556,19967.833556,93603.525,-0.01100685,3649.379,-0.00474449
20260816_083613_b5341f,2019-05-23,111421.083921,6297.173921,105123.91,-0.01893325,3583.964,-0.01792497
20260816_083613_b5341f,2019-05-24,111201.607921,6297.173921,104904.434,-0.00196979,3593.913,0.00277598
20260816_083613_b5341f,2019-05-27,112048.548921,6297.173921,105751.375,0.00761627,3637.197,0.0120437
20260816_083613_b5341f,2019-05-28,111982.535921,6297.173921,105685.362,-0.00058915,3672.26,0.00964012
20260816_083613_b5341f,2019-05-29,111527.980921,6297.173921,105230.807,-0.00405916,3663.909,-0.00227408
20260816_083613_b5341f,2019-05-30,111062.165921,6297.173921,104764.992,-0.00417666,3641.183,-0.00620266
20260816_083613_b5341f,2019-05-31,111130.374921,6297.173921,104833.201,0.00061415,3629.789,-0.0031292
20260816_083613_b5341f,2019-06-03,110234.764921,6297.173921,103937.591,-0.00805909,3632.012,0.00061243
20260816_083613_b5341f,2019-06-04,109865.271921,6297.173921,103568.098,-0.00335187,3598.466,-0.0092362
20260816_083613_b5341f,2019-06-05,110106.839921,6297.173921,103809.666,0.00219877,3597.105,-0.00037822
20260816_083613_b5341f,2019-06-06,109915.687921,6297.173921,103618.514,-0.00173606,3564.677,-0.00901503
20260816_083613_b5341f,2019-06-10,110674.211921,6297.173921,104377.038,0.00690096,3610.743,0.01292291
20260816_083613_b5341f,2019-06-11,112250.899921,6297.173921,105953.726,0.01424621,3719.275,0.03005808
20260816_083613_b5341f,2019-06-12,112221.707921,6297.173921,105924.534,-0.00026006,3691.095,-0.00757675
20260816_083613_b5341f,2019-06-13,113468.389921,6297.173921,107171.216,0.0111091,3685.393,-0.0015448
20260816_083613_b5341f,2019-06-14,112781.486921,6297.173921,106484.313,-0.00605369,3654.879,-0.00827971
20260816_083613_b5341f,2019-06-17,114276.642921,6297.173921,107979.469,0.0132571,3654.824,-1.505e-05
20260816_083613_b5341f,2019-06-18,114148.757921,6297.173921,107851.584,-0.00111908,3667.618,0.00350058
20260816_083613_b5341f,2019-06-19,114755.051921,6297.173921,108457.878,0.00531144,3715.938,0.01317476
20260816_083613_b5341f,2019-06-20,116211.211921,6297.173921,109914.038,0.01268929,3828.518,0.03029652
20260816_083613_b5341f,2019-06-21,116376.781921,6297.173921,110079.608,0.00142473,3833.938,0.00141569
20260816_083613_b5341f,2019-06-24,116557.769921,6297.173921,110260.596,0.00155519,3841.265,0.00191109
20260816_083613_b5341f,2019-06-25,115775.349921,6297.173921,109478.176,-0.00671272,3801.309,-0.01040178
20260816_083613_b5341f,2019-06-26,115743.491921,6297.173921,109446.318,-0.00027517,3794.331,-0.00183568
20260816_083613_b5341f,2019-06-27,115560.697921,6297.173921,109263.524,-0.0015793,3834.817,0.01067013
20260816_083613_b5341f,2019-06-28,114623.289921,6297.173921,108326.116,-0.00811182,3825.587,-0.00240689
20260816_083613_b5341f,2019-07-01,116643.882921,6297.173921,110346.709,0.01762812,3935.811,0.02881231
20260816_083613_b5341f,2019-07-02,116409.582767,16249.053767,100160.529,-0.00200868,3937.169,0.00034504
20260816_083613_b5341f,2019-07-03,115294.652767,16249.053767,99045.599,-0.00957765,3893.534,-0.01108284
20260816_083613_b5341f,2019-07-04,115429.305718,14248.103718,101181.202,0.0011679,3873.101,-0.00524793
20260816_083613_b5341f,2019-07-05,115122.217718,14248.103718,100874.114,-0.0026604,3893.202,0.0051899
20260816_083613_b5341f,2019-07-08,112350.669718,14248.103718,98102.566,-0.02407483,3802.789,-0.0232233
20260816_083613_b5341f,2019-07-09,112111.493718,14248.103718,97863.39,-0.00212883,3793.129,-0.00254024
20260816_083613_b5341f,2019-07-10,111048.845718,14248.103718,96800.742,-0.00947849,3786.739,-0.00168463
20260816_083613_b5341f,2019-07-11,111434.175171,5651.823171,105782.352,0.00346991,3785.221,-0.00040087
20260816_083613_b5341f,2019-07-12,112208.191171,5651.823171,106556.368,0.00694595,3808.731,0.006211
20260816_083613_b5341f,2019-07-15,113036.121171,5651.823171,107384.298,0.00737852,3824.187,0.00405804
20260816_083613_b5341f,2019-07-16,113779.711171,5651.823171,108127.888,0.00657834,3806.844,-0.00453508
20260816_083613_b5341f,2019-07-17,113227.479171,5651.823171,107575.656,-0.00485352,3804.638,-0.00057948
20260816_083613_b5341f,2019-07-18,111346.173171,5651.823171,105694.35,-0.01661528,3768.401,-0.00952443
20260816_083613_b5341f,2019-07-19,112156.591171,5651.823171,106504.768,0.00727836,3807.955,0.01049623
20260816_083613_b5341f,2019-07-22,109774.591171,5651.823171,104122.768,-0.02123816,3781.683,-0.00689924
20260816_083613_b5341f,2019-07-23,110739.925171,5651.823171,105088.102,0.00879378,3789.913,0.00217628
20260816_083613_b5341f,2019-07-24,111092.243171,5651.823171,105440.42,0.00318149,3819.832,0.00789438
20260816_083613_b5341f,2019-07-25,110732.837171,5651.823171,105081.014,-0.0032352,3851.066,0.0081768
20260816_083613_b5341f,2019-07-26,110890.965171,5651.823171,105239.142,0.00142801,3858.568,0.00194803
20260816_083613_b5341f,2019-07-29,110981.399171,5651.823171,105329.576,0.00081552,3854.27,-0.00111388
20260816_083613_b5341f,2019-07-30,111159.029171,5651.823171,105507.206,0.00160054,3870.317,0.00416343
20260816_083613_b5341f,2019-07-31,109784.819171,5651.823171,104132.996,-0.01236256,3835.358,-0.00903259
20260816_083613_b5341f,2019-08-01,109084.209171,5651.823171,103432.386,-0.00638167,3803.469,-0.00831448
20260816_083613_b5341f,2019-08-02,106819.873013,9983.559013,96836.314,-0.02075769,3747.437,-0.01473181
20260816_083613_b5341f,2019-08-05,106272.150455,5482.314455,100789.836,-0.00512753,3675.688,-0.01914615
20260816_083613_b5341f,2019-08-06,104252.397161,3123.937161,101128.46,-0.01900548,3636.328,-0.0107082
20260816_083613_b5341f,2019-08-07,104556.169161,3123.937161,101432.232,0.00291381,3621.431,-0.00409672
20260816_083613_b5341f,2019-08-08,104300.197161,3123.937161,101176.26,-0.00244818,3669.294,0.0132166
20260816_083613_b5341f,2019-08-09,103047.549161,3123.937161,99923.612,-0.01201003,3633.529,-0.00974711
20260816_083613_b5341f,2019-08-12,104086.861161,3123.937161,100962.924,0.01008575,3699.105,0.01804747
20260816_083613_b5341f,2019-08-13,103685.129161,3123.937161,100561.192,-0.00385958,3665.752,-0.00901651
20260816_083613_b5341f,2019-08-14,103837.049161,3123.937161,100713.112,0.00146521,3682.402,0.00454204
20260816_083613_b5341f,2019-08-15,103991.773161,3123.937161,100867.836,0.00149007,3694.001,0.00314985
20260816_083613_b5341f,2019-08-16,105316.209161,3123.937161,102192.272,0.01273597,3710.539,0.00447699
20260816_083613_b5341f,2019-08-19,106604.821161,3123.937161,103480.884,0.01223565,3791.094,0.02170978
20260816_083613_b5341f,2019-08-20,106076.081161,3123.937161,102952.144,-0.00495981,3787.733,-0.00088655
20260816_083613_b5341f,2019-08-21,105980.925161,3123.937161,102856.988,-0.00089705,3781.758,-0.00157746
20260816_083613_b5341f,2019-08-22,105999.917161,3123.937161,102875.98,0.0001792,3793.506,0.00310649
20260816_083613_b5341f,2019-08-23,105695.429161,3123.937161,102571.492,-0.00287253,3820.864,0.0072118
20260816_083613_b5341f,2019-08-26,104952.665161,3123.937161,101828.728,-0.0070274,3765.911,-0.01438235
20260816_083613_b5341f,2019-08-27,105936.209161,3123.937161,102812.272,0.00937131,3816.946,0.01355183
20260816_083613_b5341f,2019-08-28,105525.377161,3123.937161,102401.44,-0.00387811,3802.584,-0.00376269
20260816_083613_b5341f,2019-08-29,105368.805161,3123.937161,102244.868,-0.00148374,3790.187,-0.00326015
20260816_083613_b5341f,2019-08-30,105096.789161,3123.937161,101972.852,-0.00258156,3799.586,0.00247982
20260816_083613_b5341f,2019-09-02,105715.105161,3123.937161,102591.168,0.0058833,3848.32,0.01282613
20260816_083613_b5341f,2019-09-03,105261.569161,3123.937161,102137.632,-0.00429017,3853.61,0.00137463
20260816_083613_b5341f,2019-09-04,106493.897161,3123.937161,103369.96,0.01170729,3886.002,0.00840562
20260816_083613_b5341f,2019-09-05,107824.185161,3123.937161,104700.248,0.01249168,3925.323,0.01011863
20260816_083613_b5341f,2019-09-06,107875.409161,3123.937161,104751.472,0.00047507,3948.507,0.00590627
20260816_083613_b5341f,2019-09-09,109857.617161,3123.937161,106733.68,0.01837498,3972.949,0.00619019
20260816_083613_b5341f,2019-09-10,109822.989161,3123.937161,106699.052,-0.00031521,3959.265,-0.00344429
20260816_083613_b5341f,2019-09-11,109812.109161,3123.937161,106688.172,-9.907e-05,3930.1,-0.00736627
20260816_083613_b5341f,2019-09-12,112195.225161,3123.937161,109071.288,0.02170176,3972.38,0.010758
20260816_083613_b5341f,2019-09-16,114274.877161,3123.937161,111150.94,0.01853601,3957.715,-0.00369174
20260816_083613_b5341f,2019-09-17,114001.525161,3123.937161,110877.588,-0.00239206,3891.221,-0.01680111
20260816_083613_b5341f,2019-09-18,114661.253161,3123.937161,111537.316,0.00578701,3910.084,0.00484758
20260816_083613_b5341f,2019-09-19,117145.621161,3123.937161,114021.684,0.02166702,3924.383,0.00365695
20260816_083613_b5341f,2019-09-20,116753.777161,3123.937161,113629.84,-0.00334493,3935.651,0.00287128
20260816_083613_b5341f,2019-09-23,115920.857161,3123.937161,112796.92,-0.00713399,3890.662,-0.01143115
20260816_083613_b5341f,2019-09-24,116690.277161,3123.937161,113566.34,0.00663746,3901.075,0.00267641
20260816_083613_b5341f,2019-09-25,115854.241161,3123.937161,112730.304,-0.00716457,3870.984,-0.00771351
20260816_083613_b5341f,2019-09-26,116696.681161,3123.937161,113572.744,0.00727155,3841.139,-0.00770993
20260816_083613_b5341f,2019-09-27,116615.073161,3123.937161,113491.136,-0.00069932,3852.654,0.00299781
20260816_083613_b5341f,2019-09-30,117147.377161,3123.937161,114023.44,0.00456462,3814.528,-0.00989604
20260816_083613_b5341f,2019-10-08,117903.689161,3123.937161,114779.752,0.00645607,3837.679,0.00606917
20260816_083613_b5341f,2019-10-09,118653.748342,21597.647342,97056.101,0.00636163,3843.239,0.00144879
20260816_083613_b5341f,2019-10-10,119989.722342,21597.647342,98392.075,0.01125943,3874.639,0.00817019
20260816_083613_b5341f,2019-10-11,120217.798342,21597.647342,98620.151,0.0019008,3911.726,0.00957173
20260816_083613_b5341f,2019-10-14,120898.312342,21597.647342,99300.665,0.00566068,3953.242,0.01061322
20260816_083613_b5341f,2019-10-15,120730.550342,21597.647342,99132.903,-0.00138763,3936.25,-0.00429824
20260816_083613_b5341f,2019-10-16,120269.539342,21597.647342,98671.892,-0.00381851,3922.686,-0.00344592
20260816_083613_b5341f,2019-10-17,119490.110342,21597.647342,97892.463,-0.00648069,3925.221,0.00064624
20260816_083613_b5341f,2019-10-18,117952.132342,21597.647342,96354.485,-0.01287117,3869.377,-0.01422697
20260816_083613_b5341f,2019-10-21,117205.648342,21597.647342,95608.001,-0.0063287,3880.839,0.00296223
20260816_083613_b5341f,2019-10-22,118280.292342,21597.647342,96682.645,0.00916888,3895.881,0.00387597
20260816_083613_b5341f,2019-10-23,118509.102342,21597.647342,96911.455,0.00193447,3871.085,-0.00636467
20260816_083613_b5341f,2019-10-24,118723.588342,21597.647342,97125.941,0.00180987,3870.668,-0.00010772
20260816_083613_b5341f,2019-10-25,119693.268342,21597.647342,98095.621,0.00816754,3896.793,0.00674948
20260816_083613_b5341f,2019-10-28,121353.163342,21597.647342,99755.516,0.01386791,3926.585,0.00764526
20260816_083613_b5341f,2019-10-29,120986.423342,21597.647342,99388.776,-0.00302209,3910.226,-0.00416622
20260816_083613_b5341f,2019-10-30,120162.362342,21597.647342,98564.715,-0.00681119,3891.226,-0.00485905
20260816_083613_b5341f,2019-10-31,119082.088767,10089.011767,108993.077,-0.00899012,3886.752,-0.00114977
20260816_083613_b5341f,2019-11-01,119988.291767,10089.011767,109899.28,0.0076099,3952.387,0.01688685
20260816_083613_b5341f,2019-11-04,120096.969767,10089.011767,110007.958,0.00090574,3978.121,0.006511
20260816_083613_b5341f,2019-11-05,121004.348767,10089.011767,110915.337,0.00755539,4002.812,0.0062067
20260816_083613_b5341f,2019-11-06,119997.528767,10089.011767,109908.517,-0.00832053,3984.881,-0.0044796
20260816_083613_b5341f,2019-11-07,120323.567767,10089.011767,110234.556,0.00271705,3991.875,0.00175513
20260816_083613_b5341f,2019-11-08,120394.736767,10089.011767,110305.725,0.00059148,3973.011,-0.0047256
20260816_083613_b5341f,2019-11-11,117115.934767,10089.011767,107026.923,-0.02723377,3902.978,-0.01762719
20260816_083613_b5341f,2019-11-12,117097.192767,10089.011767,107008.181,-0.00016003,3903.689,0.00018217
20260816_083613_b5341f,2019-11-13,116517.934767,10089.011767,106428.923,-0.00494681,3899.981,-0.00094987
20260816_083613_b5341f,2019-11-14,116647.200767,10089.011767,106558.189,0.00110941,3905.857,0.00150667
20260816_083613_b5341f,2019-11-15,115819.116767,10089.011767,105730.105,-0.00709905,3877.089,-0.00736535
20260816_083613_b5341f,2019-11-18,117467.125767,10089.011767,107378.114,0.01422916,3907.93,0.00795468
20260816_083613_b5341f,2019-11-19,119453.820767,10089.011767,109364.809,0.01691277,3947.04,0.01000786
20260816_083613_b5341f,2019-11-20,118176.928767,10089.011767,108087.917,-0.01068942,3907.865,-0.00992516
20260816_083613_b5341f,2019-11-21,117940.180767,10089.011767,107851.169,-0.00200334,3889.598,-0.00467442
20260816_083613_b5341f,2019-11-22,117801.700767,10089.011767,107712.689,-0.00117415,3849.995,-0.01018177
20260816_083613_b5341f,2019-11-25,118524.106767,10089.011767,108435.095,0.00613239,3878.206,0.00732754
20260816_083613_b5341f,2019-11-26,118415.575767,10089.011767,108326.564,-0.00091569,3891.654,0.00346758
20260816_083613_b5341f,2019-11-27,119155.890124,6852.062124,112303.828,0.00625183,3875.618,-0.00412061
20260816_083613_b5341f,2019-11-28,118705.669124,6852.062124,111853.607,-0.00377842,3862.303,-0.00343558
20260816_083613_b5341f,2019-11-29,118967.679124,6852.062124,112115.617,0.00220722,3828.67,-0.00870802
20260816_083613_b5341f,2019-12-02,117079.848124,6852.062124,110227.786,-0.01586844,3836.059,0.00192991
20260816_083613_b5341f,2019-12-03,115836.528124,6852.062124,108984.466,-0.01061942,3851.087,0.00391756
20260816_083613_b5341f,2019-12-04,114100.748124,6852.062124,107248.686,-0.01498474,3849.819,-0.00032926
20260816_083613_b5341f,2019-12-05,113303.400124,6852.062124,106451.338,-0.0069881,3879.363,0.00767413
20260816_083613_b5341f,2019-12-06,112261.151124,6852.062124,105409.089,-0.00919874,3902.385,0.00593448
20260816_083613_b5341f,2019-12-09,113389.273303,-3810.287697,117199.561,0.01004909,3895.447,-0.00177789
20260816_083613_b5341f,2019-12-10,111483.114566,2376.348566,109106.766,-0.01681075,3900.385,0.00126763
20260816_083613_b5341f,2019-12-11,111147.306566,2376.348566,108770.958,-0.00301219,3902.749,0.00060609
20260816_083613_b5341f,2019-12-12,110147.550566,2376.348566,107771.202,-0.00899487,3891.024,-0.00300429
20260816_083613_b5341f,2019-12-13,111336.195566,2376.348566,108959.847,0.01079139,3968.221,0.01983976
20260816_083613_b5341f,2019-12-16,115126.665566,2376.348566,112750.317,0.03404526,3987.547,0.00487019
20260816_083613_b5341f,2019-12-17,115821.837566,2376.348566,113445.489,0.00603832,4041.799,0.01360536
20260816_083613_b5341f,2019-12-18,118026.780566,2376.348566,115650.432,0.01903737,4032.782,-0.00223094
20260816_083613_b5341f,2019-12-19,119026.668566,2376.348566,116650.32,0.0084717,4027.149,-0.0013968
20260816_083613_b5341f,2019-12-20,118186.683566,2376.348566,115810.335,-0.00705712,4017.253,-0.00245732
20260816_083613_b5341f,2019-12-23,116109.696566,2376.348566,113733.348,-0.01757378,3967.096,-0.0124854
20260816_083613_b5341f,2019-12-24,117969.135566,2376.348566,115592.787,0.0160145,3992.958,0.00651913
20260816_083613_b5341f,2019-12-25,117963.885566,2376.348566,115587.537,-4.45e-05,3990.867,-0.00052367
20260816_083613_b5341f,2019-12-26,119287.260566,2376.348566,116910.912,0.01121848,4025.988,0.00880034
20260816_083613_b5341f,2019-12-27,117279.360566,2376.348566,114903.012,-0.01683248,4022.027,-0.00098386
20260816_083613_b5341f,2019-12-30,118872.738566,2376.348566,116496.39,0.01358618,4081.633,0.01481989
20260816_083613_b5341f,2019-12-31,118720.179566,2376.348566,116343.831,-0.00128338,4096.583,0.00366275
20260816_083613_b5341f,2020-01-02,121054.076966,2376.348566,118677.7284,0.01965881,4152.241,0.01358645
20260816_083613_b5341f,2020-01-03,120683.041358,27150.775258,93532.2661,-0.00306504,4144.965,-0.00175231
20260816_083613_b5341f,2020-01-06,120174.255558,27150.775258,93023.4803,-0.00421588,4129.296,-0.00378025
20260816_083613_b5341f,2020-01-07,121371.648758,27150.775258,94220.8735,0.00996381,4160.227,0.00749062
20260816_083613_b5341f,2020-01-08,119503.589858,27150.775258,92352.8146,-0.01539123,4112.317,-0.0115162
20260816_083613_b5341f,2020-01-09,120974.264558,27150.775258,93823.4893,0.01230653,4164.37,0.01265783
20260816_083613_b5341f,2020-01-10,120950.981258,27150.775258,93800.206,-0.00019246,4163.185,-0.00028456
20260816_083613_b5341f,2020-01-13,121219.369658,27150.775258,94068.5944,0.00221898,4203.989,0.00980115
20260816_083613_b5341f,2020-01-14,121296.747258,27150.775258,94145.972,0.00063833,4189.886,-0.00335467
20260816_083613_b5341f,2020-01-15,120382.767458,27150.775258,93231.9922,-0.00753507,4166.735,-0.00552545
20260816_083613_b5341f,2020-01-16,119868.262258,27150.775258,92717.487,-0.00427391,4149.044,-0.00424577
20260816_083613_b5341f,2020-01-17,119646.916058,27150.775258,92496.1408,-0.00184658,4154.853,0.00140008
20260816_083613_b5341f,2020-01-20,121452.607758,27150.775258,94301.8325,0.01509184,4185.83,0.00745562
20260816_083613_b5341f,2020-01-21,121327.303758,27150.775258,94176.5285,-0.00103171,4114.308,-0.01708669
20260816_083613_b5341f,2020-01-22,120777.923958,27150.775258,93627.1487,-0.00452808,4131.931,0.00428334
20260816_083613_b5341f,2020-01-23,119322.680258,27150.775258,92171.905,-0.01204892,4003.901,-0.03098551
20260816_083613_b5341f,2020-02-03,113010.585758,27150.775258,85859.8105,-0.05289937,3688.358,-0.07880889
20260816_083613_b5341f,2020-02-04,115574.149259,15976.680459,99597.4688,0.02268428,3785.638,0.02637488
20260816_083613_b5341f,2020-02-05,122270.548059,15976.680459,106293.8676,0.05794028,3828.527,0.0113294
20260816_083613_b5341f,2020-02-06,127800.331659,15976.680459,111823.6512,0.0452258,3899.775,0.01860977
20260816_083613_b5341f,2020-02-07,124896.306059,15976.680459,108919.6256,-0.02272315,3899.87,2.436e-05
20260816_083613_b5341f,2020-02-10,120022.216259,15976.680459,104045.5358,-0.03902509,3916.006,0.00413757
20260816_083613_b5341f,2020-02-11,121940.612859,15976.680459,105963.9324,0.01598368,3952.465,0.00931025
20260816_083613_b5341f,2020-02-12,121879.187459,15976.680459,105902.507,-0.00050373,3984.433,0.00808812
20260816_083613_b5341f,2020-02-13,119010.025459,15976.680459,103033.345,-0.02354103,3959.919,-0.00615244
20260816_083613_b5341f,2020-02-14,118599.940259,15976.680459,102623.2598,-0.0034458,3987.734,0.00702413
20260816_083613_b5341f,2020-02-17,120338.211259,15976.680459,104361.5308,0.01465659,4077.424,0.02249147
20260816_083613_b5341f,2020-02-18,122654.577859,15976.680459,106677.8974,0.0192488,4057.511,-0.00488372
20260816_083613_b5341f,2020-02-19,123170.418059,15976.680459,107193.7376,0.00420563,4051.311,-0.00152803
20260816_083613_b5341f,2020-02-20,123146.044059,15976.680459,107169.3636,-0.00019789,4144.657,0.02304094
20260816_083613_b5341f,2020-02-21,122735.084659,15976.680459,106758.4042,-0.00333717,4149.491,0.00116632
20260816_083613_b5341f,2020-02-24,123093.512659,15976.680459,107116.8322,0.00292034,4132.839,-0.00401302
20260816_083613_b5341f,2020-02-25,122109.586459,15976.680459,106132.906,-0.00799332,4123.855,-0.00217381
20260816_083613_b5341f,2020-02-26,120724.008259,15976.680459,104747.3278,-0.01134701,4073.015,-0.01232827
20260816_083613_b5341f,2020-02-27,119451.874659,15976.680459,103475.1942,-0.01053754,4084.876,0.00291209
20260816_083613_b5341f,2020-02-28,115803.824859,15976.680459,99827.1444,-0.03053991,3940.048,-0.03545469
20260816_083613_b5341f,2020-03-02,118371.498259,15976.680459,102394.8178,0.02217261,4069.667,0.03289782
20260816_083613_b5341f,2020-03-03,118545.915259,15976.680459,102569.2348,0.00147347,4091.361,0.00533066
20260816_083613_b5341f,2020-03-04,117956.047659,15976.680459,101979.3672,-0.00497586,4115.052,0.00579049
20260816_083613_b5341f,2020-03-05,118913.138459,15976.680459,102936.458,0.00811396,4206.726,0.02227773
20260816_083613_b5341f,2020-03-06,118737.142059,15976.680459,102760.4616,-0.00148004,4138.507,-0.01621665
20260816_083613_b5341f,2020-03-09,116892.130059,15976.680459,100915.4496,-0.01553863,3997.132,-0.03416087
20260816_083613_b5341f,2020-03-10,116819.786059,15976.680459,100843.1056,-0.0006189,4082.732,0.02141535
20260816_083613_b5341f,2020-03-11,115344.549659,15976.680459,99367.8692,-0.01262831,4028.429,-0.01330065
20260816_083613_b5341f,2020-03-12,113414.786659,15976.680459,97438.1062,-0.01673042,3950.911,-0.01924274
20260816_083613_b5341f,2020-03-13,111641.665659,15976.680459,95664.9852,-0.01563395,3895.313,-0.0140722
20260816_083613_b5341f,2020-03-16,111108.924659,15976.680459,95132.2442,-0.00477188,3727.84,-0.04299346
20260816_083613_b5341f,2020-03-17,112077.461859,15976.680459,96100.7814,0.00871701,3709.682,-0.00487092
20260816_083613_b5341f,2020-03-18,110247.313059,15976.680459,94270.6326,-0.01632932,3636.257,-0.0197928
20260816_083613_b5341f,2020-03-19,110776.626859,15976.680459,94799.9464,0.00480115,3589.093,-0.01297048
20260816_083613_b5341f,2020-03-20,113090.784259,15976.680459,97114.1038,0.0208903,3653.224,0.0178683
20260816_083613_b5341f,2020-03-23,112304.509059,15976.680459,96327.8286,-0.0069526,3530.306,-0.03364644
20260816_083613_b5341f,2020-03-24,113312.549259,15976.680459,97335.8688,0.00897595,3625.114,0.02685546
20260816_083613_b5341f,2020-03-25,115501.828659,15976.680459,99525.1482,0.01932071,3722.518,0.02686922
20260816_083613_b5341f,2020-03-26,115982.313859,15976.680459,100005.6334,0.00415998,3698.047,-0.00657378
20260816_083613_b5341f,2020-03-27,114489.208859,15976.680459,98512.5284,-0.01287356,3710.06,0.00324847
20260816_083613_b5341f,2020-03-30,113081.112259,15976.680459,97104.4318,-0.01229895,3674.111,-0.0096896
20260816_083613_b5341f,2020-03-31,113449.826459,15976.680459,97473.146,0.00326062,3686.155,0.00327807
20260816_083613_b5341f,2020-04-01,112239.906659,15976.680459,96263.2262,-0.0106648,3675.075,-0.00300584
20260816_083613_b5341f,2020-04-02,113112.331077,29765.847677,83346.4834,0.00777285,3734.531,0.01617817
20260816_083613_b5341f,2020-04-03,113418.538377,29765.847677,83652.6907,0.00270711,3713.218,-0.00570701
20260816_083613_b5341f,2020-04-07,114799.539777,29765.847677,85033.6921,0.01217615,3798.021,0.02283814
20260816_083613_b5341f,2020-04-08,114489.595777,29765.847677,84723.7481,-0.00269987,3780.344,-0.00465427
20260816_083613_b5341f,2020-04-09,114929.989677,29765.847677,85164.142,0.00384658,3792.811,0.00329785
20260816_083613_b5341f,2020-04-10,113919.585877,29765.847677,84153.7382,-0.00879147,3769.178,-0.006231
20260816_083613_b5341f,2020-04-13,114762.921577,29765.847677,84997.0739,0.0074029,3753.257,-0.004224
20260816_083613_b5341f,2020-04-14,115028.934677,29765.847677,85263.087,0.00231794,3825.699,0.0193011
20260816_083613_b5341f,2020-04-15,114609.058077,29765.847677,84843.2104,-0.00365018,3797.362,-0.00740701
20260816_083613_b5341f,2020-04-16,114643.752777,29765.847677,84877.9051,0.00030272,3802.381,0.00132171
20260816_083613_b5341f,2020-04-17,114958.142277,29765.847677,85192.2946,0.00274232,3839.487,0.00975862
20260816_083613_b5341f,2020-04-20,116545.225377,29765.847677,86779.3777,0.01380575,3853.455,0.00363799
20260816_083613_b5341f,2020-04-21,116123.784877,29765.847677,86357.9372,-0.00361611,3808.048,-0.01178345
20260816_083613_b5341f,2020-04-22,115724.272377,29765.847677,85958.4247,-0.0034404,3839.383,0.00822863
20260816_083613_b5341f,2020-04-23,116786.316777,29765.847677,87020.4691,0.00917737,3829.753,-0.00250822
20260816_083613_b5341f,2020-04-24,116104.985477,29765.847677,86339.1378,-0.005834,3796.972,-0.00855956
20260816_083613_b5341f,2020-04-27,115880.921877,29765.847677,86115.0742,-0.00192984,3822.77,0.00679436
20260816_083613_b5341f,2020-04-28,114039.714777,29765.847677,84273.8671,-0.01588879,3849.147,0.00689997
20260816_083613_b5341f,2020-04-29,112191.985277,29765.847677,82426.1376,-0.01620251,3867.032,0.00464648
20260816_083613_b5341f,2020-04-30,113545.256077,29765.847677,83779.4084,0.0120621,3912.577,0.01177777
20260816_083613_b5341f,2020-05-06,114312.034077,29765.847677,84546.1864,0.00675306,3936.254,0.00605151
20260816_083613_b5341f,2020-05-07,114776.919877,29765.847677,85011.0722,0.00406681,3924.895,-0.00288574
20260816_083613_b5341f,2020-05-08,114962.596877,29765.847677,85196.7492,0.00161772,3963.622,0.00986702
20260816_083613_b5341f,2020-05-11,114663.403077,29765.847677,84897.5554,-0.00260253,3960.181,-0.00086815
20260816_083613_b5341f,2020-05-12,114538.348777,29765.847677,84772.5011,-0.00109062,3960.238,1.439e-05
20260816_083613_b5341f,2020-05-13,117243.525977,29765.847677,87477.6783,0.02361809,3968.253,0.00202387
20260816_083613_b5341f,2020-05-14,118454.19751,9187.88431,109266.3132,0.01032613,3925.218,-0.01084482
20260816_083613_b5341f,2020-05-15,118827.74491,9187.88431,109639.8606,0.00315352,3912.816,-0.00315957
20260816_083613_b5341f,2020-05-18,118114.85871,9187.88431,108926.9744,-0.00599932,3922.912,0.00258024
20260816_083613_b5341f,2020-05-19,118201.36101,9187.88431,109013.4767,0.00073236,3956.25,0.00849828
20260816_083613_b5341f,2020-05-20,117354.75131,9187.88431,108166.867,-0.00716244,3935.222,-0.00531513
20260816_083613_b5341f,2020-05-21,117460.44051,9187.88431,108272.5562,0.0009006,3913.795,-0.00544493
20260816_083613_b5341f,2020-05-22,115998.87401,9187.88431,106810.9897,-0.01244305,3824.064,-0.02292685
20260816_083613_b5341f,2020-05-25,116506.05611,9187.88431,107318.1718,0.0043723,3829.325,0.00137576
20260816_083613_b5341f,2020-05-26,120965.85931,9187.88431,111777.975,0.03827958,3872.771,0.0113456
20260816_083613_b5341f,2020-05-27,123483.37061,9187.88431,114295.4863,0.02081175,3845.614,-0.00701229
20260816_083613_b5341f,2020-05-28,121432.92571,9187.88431,112245.0414,-0.01660503,3856.633,0.00286534
20260816_083613_b5341f,2020-05-29,122797.71961,9187.88431,113609.8353,0.01123908,3867.024,0.00269432
20260816_083613_b5341f,2020-06-01,125459.76281,9187.88431,116271.8785,0.02167828,3971.34,0.02697578
20260816_083613_b5341f,2020-06-02,122646.85811,9187.88431,113458.9738,-0.02242077,3983.567,0.00307881
20260816_083613_b5341f,2020-06-03,122512.44561,9187.88431,113324.5613,-0.00109593,3983.648,2.033e-05
20260816_083613_b5341f,2020-06-04,122532.13051,9187.88431,113344.2462,0.00016068,3982.185,-0.00036725
20260816_083613_b5341f,2020-06-05,122346.86261,9187.88431,113158.9783,-0.00151199,4001.251,0.00478782
20260816_083613_b5341f,2020-06-08,121690.93051,9187.88431,112503.0462,-0.00536125,4021.955,0.00517438
20260816_083613_b5341f,2020-06-09,123842.28171,9187.88431,114654.3974,0.01767881,4047.03,0.00623453
20260816_083613_b5341f,2020-06-10,122983.36651,9187.88431,113795.4822,-0.00693556,4039.706,-0.00180972
20260816_083613_b5341f,2020-06-11,122695.37011,9187.88431,113507.4858,-0.00234175,3995.884,-0.01084782
20260816_083613_b5341f,2020-06-12,121797.81601,9187.88431,112609.9317,-0.00731531,4003.083,0.0018016
20260816_083613_b5341f,2020-06-15,121501.33811,9187.88431,112313.4538,-0.00243418,3954.988,-0.01201449
20260816_083613_b5341f,2020-06-16,122659.07371,9187.88431,113471.1894,0.00952858,4014.57,0.01506503
20260816_083613_b5341f,2020-06-17,123366.52101,9187.88431,114178.6367,0.00576759,4017.594,0.00075326
20260816_083613_b5341f,2020-06-18,126767.73221,9187.88431,117579.8479,0.02756997,4044.384,0.00666817
20260816_083613_b5341f,2020-06-19,129347.24921,9187.88431,120159.3649,0.02034837,4098.71,0.01343245
20260816_083613_b5341f,2020-06-22,128614.88671,9187.88431,119427.0024,-0.00566199,4102.046,0.00081391
20260816_083613_b5341f,2020-06-23,128388.51991,9187.88431,119200.6356,-0.00176004,4121.794,0.00481418
20260816_083613_b5341f,2020-06-24,128692.39681,9187.88431,119504.5125,0.00236685,4138.989,0.00417173
20260816_083613_b5341f,2020-06-29,127550.04371,9187.88431,118362.1594,-0.00887662,4109.716,-0.0070725
20260816_083613_b5341f,2020-06-30,128204.28031,9187.88431,119016.396,0.00512925,4163.963,0.0131997
20260816_083613_b5341f,2020-07-01,129135.31381,9187.88431,119947.4295,0.00726211,4247.783,0.02012986
20260816_083613_b5341f,2020-07-02,130513.751583,23534.509783,106979.2418,0.01067437,4335.844,0.02073105
20260816_083613_b5341f,2020-07-03,132014.046783,23534.509783,108479.537,0.0114953,4419.596,0.01931619
20260816_083613_b5341f,2020-07-06,135328.930683,23534.509783,111794.4209,0.02511008,4670.095,0.05667916
20260816_083613_b5341f,2020-07-07,134964.056383,23534.509783,111429.5466,-0.0026962,4698.126,0.00600223
20260816_083613_b5341f,2020-07-08,136837.291383,23534.509783,113302.7816,0.01387951,4774.004,0.01615069
20260816_083613_b5341f,2020-07-09,138441.637983,23534.509783,114907.1282,0.01172448,4840.771,0.01398553
20260816_083613_b5341f,2020-07-10,136100.906583,23534.509783,112566.3968,-0.01690771,4753.134,-0.01810393
20260816_083613_b5341f,2020-07-13,141753.432183,23534.509783,118218.9224,0.04153187,4852.961,0.02100235
20260816_083613_b5341f,2020-07-14,141433.954383,23534.509783,117899.4446,-0.00225376,4806.69,-0.00953459
20260816_083613_b5341f,2020-07-15,138382.713783,23534.509783,114848.204,-0.02157361,4744.469,-0.01294467
20260816_083613_b5341f,2020-07-16,134689.131383,23534.509783,111154.6216,-0.02669107,4516.254,-0.04810127
20260816_083613_b5341f,2020-07-17,135851.273783,23534.509783,112316.764,0.00862833,4544.7,0.00629858
20260816_083613_b5341f,2020-07-20,140365.319583,23534.509783,116830.8098,0.03322785,4680.305,0.02983805
20260816_083613_b5341f,2020-07-21,139652.167883,23534.509783,116117.6581,-0.00508068,4691.043,0.00229429
20260816_083613_b5341f,2020-07-22,139416.092983,23534.509783,115881.5832,-0.00169045,4714.446,0.00498887
20260816_083613_b5341f,2020-07-23,140527.653383,23534.509783,116993.1436,0.00797297,4712.436,-0.00042635
20260816_083613_b5341f,2020-07-24,136824.484483,23534.509783,113289.9747,-0.02635189,4505.591,-0.04389343
20260816_083613_b5341f,2020-07-27,136316.614583,23534.509783,112782.1048,-0.00371183,4528.45,0.00507347
20260816_083613_b5341f,2020-07-28,137870.826583,23534.509783,114336.3168,0.01140149,4568.258,0.00879065
20260816_083613_b5341f,2020-07-29,139829.569583,23534.509783,116295.0598,0.01420709,4679.008,0.02424338
20260816_083613_b5341f,2020-07-30,140447.940183,23534.509783,116913.4304,0.00442232,4656.151,-0.00488501
20260816_083613_b5341f,2020-07-31,141531.531883,23534.509783,117997.0221,0.00771526,4695.047,0.00835368
20260816_083613_b5341f,2020-08-03,145079.148383,23534.509783,121544.6386,0.02506591,4771.311,0.0162435
20260816_083613_b5341f,2020-08-04,144644.136383,23534.509783,121109.6266,-0.00299845,4775.803,0.00094146
20260816_083613_b5341f,2020-08-05,145994.911383,23534.509783,122460.4016,0.00933861,4777.109,0.00027346
20260816_083613_b5341f,2020-08-06,145129.887583,23534.509783,121595.3778,-0.00592503,4762.764,-0.00300286
20260816_083613_b5341f,2020-08-07,143047.252983,23534.509783,119512.7432,-0.01435014,4707.926,-0.0115139
20260816_083613_b5341f,2020-08-10,145477.337683,23534.509783,121942.8279,0.01698799,4724.87,0.00359904
20260816_083613_b5341f,2020-08-11,142969.171083,23534.509783,119434.6613,-0.01724094,4681.783,-0.00911919
20260816_083613_b5341f,2020-08-12,141860.714883,23534.509783,118326.2051,-0.00775311,4647.645,-0.00729167
20260816_083613_b5341f,2020-08-13,143314.548083,23534.509783,119780.0383,0.01024831,4635.712,-0.00256754
20260816_083613_b5341f,2020-08-14,143670.642683,23534.509783,120136.1329,0.00248471,4704.629,0.01486654
20260816_083613_b5341f,2020-08-17,145184.370583,23534.509783,121649.8608,0.0105361,4815.226,0.02350812
20260816_083613_b5341f,2020-08-18,145621.039183,23534.509783,122086.5294,0.00300768,4812.756,-0.00051296
20260816_083613_b5341f,2020-08-19,144263.419483,23534.509783,120728.9097,-0.00932296,4740.679,-0.01497624
20260816_083613_b5341f,2020-08-20,142620.621783,23534.509783,119086.112,-0.01138749,4679.154,-0.0129781
20260816_083613_b5341f,2020-08-21,143403.973683,23534.509783,119869.4639,0.00549256,4718.843,0.00848209
20260816_083613_b5341f,2020-08-24,143834.788383,23534.509783,120300.2786,0.0030042,4755.849,0.00784218
20260816_083613_b5341f,2020-08-25,143067.760383,23534.509783,119533.2506,-0.0053327,4761.951,0.00128305
20260816_083613_b5341f,2020-08-26,141592.757583,23534.509783,118058.2478,-0.01030982,4706.13,-0.0117223
20260816_083613_b5341f,2020-08-27,143018.459783,23534.509783,119483.95,0.01006903,4731.345,0.00535791
20260816_083613_b5341f,2020-08-28,143383.787483,23534.509783,119849.2777,0.00255441,4844.266,0.02386657
20260816_083613_b5341f,2020-08-31,145249.474683,23534.509783,121714.9649,0.01301184,4816.215,-0.00579056
20260816_083613_b5341f,2020-09-01,145102.675383,23534.509783,121568.1656,-0.00101067,4842.122,0.00537912
20260816_083613_b5341f,2020-09-02,146315.831283,23534.509783,122781.3215,0.00836067,4843.887,0.00036451
20260816_083613_b5341f,2020-09-03,145399.960183,23534.509783,121865.4504,-0.00625955,4817.096,-0.00553089
20260816_083613_b5341f,2020-09-04,144927.610283,23534.509783,121393.1005,-0.00324862,4770.219,-0.00973138
20260816_083613_b5341f,2020-09-07,143120.962983,23534.509783,119586.4532,-0.01246586,4669.368,-0.0211418
20260816_083613_b5341f,2020-09-08,145301.106483,23534.509783,121766.5967,0.01523287,4694.389,0.00535854
20260816_083613_b5341f,2020-09-09,142678.412983,23534.509783,119143.9032,-0.01805006,4584.588,-0.02338984
20260816_083613_b5341f,2020-09-10,138436.933183,23534.509783,114902.4234,-0.02972755,4581.978,-0.0005693
20260816_083613_b5341f,2020-09-11,140631.381383,23534.509783,117096.8716,0.01585161,4627.283,0.00988765
20260816_083613_b5341f,2020-09-14,141874.732983,23534.509783,118340.2232,0.00884121,4651.051,0.00513649
20260816_083613_b5341f,2020-09-15,141122.735883,23534.509783,117588.2261,-0.00530043,4688.482,0.00804786
20260816_083613_b5341f,2020-09-16,139887.055283,23534.509783,116352.5455,-0.00875607,4657.359,-0.00663818
20260816_083613_b5341f,2020-09-17,139187.530883,23534.509783,115653.0211,-0.00500064,4632.714,-0.00529163
20260816_083613_b5341f,2020-09-18,140289.065283,23534.509783,116754.5555,0.00791403,4737.089,0.02252999
20260816_083613_b5341f,2020-09-21,139795.552883,23534.509783,116261.0431,-0.00351783,4691.428,-0.00963904
20260816_083613_b5341f,2020-09-22,137415.700083,23534.509783,113881.1903,-0.01702381,4635.761,-0.01186568
20260816_083613_b5341f,2020-09-23,138206.751583,23534.509783,114672.2418,0.00575663,4652.327,0.00357352
20260816_083613_b5341f,2020-09-24,134792.301683,23534.509783,111257.7919,-0.02470538,4563.066,-0.01918631
20260816_083613_b5341f,2020-09-25,134416.747683,23534.509783,110882.2379,-0.00278617,4570.022,0.00152441
20260816_083613_b5341f,2020-09-28,133427.341083,23534.509783,109892.8313,-0.00736074,4581.909,0.00260108
20260816_083613_b5341f,2020-09-29,134917.425583,23534.509783,111382.9158,0.01116776,4591.8,0.00215871
20260816_083613_b5341f,2020-09-30,134136.798083,23534.509783,110602.2883,-0.00578596,4587.395,-0.00095932
20260816_083613_b5341f,2020-10-09,136799.461183,23534.509783,113264.9514,0.01985036,4681.141,0.02043556
20260816_083613_b5341f,2020-10-12,138258.075819,46352.329119,91905.7467,0.01066243,4823.157,0.0303379
20260816_083613_b5341f,2020-10-13,137711.121219,46352.329119,91358.7921,-0.00395604,4839.201,0.00332645
20260816_083613_b5341f,2020-10-14,137277.872119,46352.329119,90925.543,-0.00314607,4807.102,-0.00663312
20260816_083613_b5341f,2020-10-15,137018.568519,46352.329119,90666.2394,-0.0018889,4798.736,-0.00174034
20260816_083613_b5341f,2020-10-16,137344.026819,46352.329119,90991.6977,0.00237529,4791.676,-0.00147122
20260816_083613_b5341f,2020-10-19,137477.342719,46352.329119,91125.0136,0.00097067,4755.488,-0.00755226
20260816_083613_b5341f,2020-10-20,137375.537819,46352.329119,91023.2087,-0.00074052,4793.467,0.00798635
20260816_083613_b5341f,2020-10-21,137165.404219,46352.329119,90813.0751,-0.00152963,4792.828,-0.00013331
20260816_083613_b5341f,2020-10-22,137007.670119,46352.329119,90655.341,-0.00114996,4777.984,-0.00309713
20260816_083613_b5341f,2020-10-23,136785.671919,46352.329119,90433.3428,-0.00162033,4718.488,-0.01245211
20260816_083613_b5341f,2020-10-26,136486.668919,46352.329119,90134.3398,-0.00218592,4691.236,-0.00577558
20260816_083613_b5341f,2020-10-27,136445.815419,46352.329119,90093.4863,-0.00029932,4699.28,0.00171469
20260816_083613_b5341f,2020-10-28,136521.615119,46352.329119,90169.286,0.00055553,4737.272,0.00808464
20260816_083613_b5341f,2020-10-29,135927.457319,46352.329119,89575.1282,-0.00435212,4772.92,0.00752501
20260816_083613_b5341f,2020-10-30,134494.785619,46352.329119,88142.4565,-0.01053997,4695.334,-0.01625546
20260816_083613_b5341f,2020-11-02,134653.605319,46352.329119,88301.2762,0.00118086,4720.832,0.0054305
20260816_083613_b5341f,2020-11-03,135756.699219,46352.329119,89404.3701,0.00819209,4777.561,0.01201674
20260816_083613_b5341f,2020-11-04,135347.966419,46352.329119,88995.6373,-0.00301077,4813.656,0.00755511
20260816_083613_b5341f,2020-11-05,136219.195319,46352.329119,89866.8662,0.00643696,4885.112,0.01484443
20260816_083613_b5341f,2020-11-06,135775.401219,46352.329119,89423.0721,-0.00325794,4885.718,0.00012405
20260816_083613_b5341f,2020-11-09,137585.078619,46352.329119,91232.7495,0.01332846,4981.35,0.01957379
20260816_083613_b5341f,2020-11-10,137913.819719,46352.329119,91561.4906,0.00238937,4953.876,-0.00551537
20260816_083613_b5341f,2020-11-11,137327.824019,46352.329119,90975.4949,-0.004249,4904.898,-0.0098868
20260816_083613_b5341f,2020-11-12,136664.792919,46352.329119,90312.4638,-0.00482809,4908.463,0.00072682
20260816_083613_b5341f,2020-11-13,136481.837719,46352.329119,90129.5086,-0.00133871,4856.851,-0.0105149
20260816_083613_b5341f,2020-11-16,137516.743019,46352.329119,91164.4139,0.00758273,4904.172,0.00974314
20260816_083613_b5341f,2020-11-17,137241.734619,46352.329119,90889.4055,-0.00199982,4894.786,-0.00191388
20260816_083613_b5341f,2020-11-18,138143.112019,46352.329119,91790.7829,0.00656781,4891.671,-0.00063639
20260816_083613_b5341f,2020-11-19,138055.049119,46352.329119,91702.72,-0.00063748,4927.99,0.00742466
20260816_083613_b5341f,2020-11-20,137846.759919,46352.329119,91494.4308,-0.00150874,4943.289,0.00310451
20260816_083613_b5341f,2020-11-23,138536.186919,46352.329119,92183.8578,0.0050014,5005.027,0.01248926
20260816_083613_b5341f,2020-11-24,138041.313419,46352.329119,91688.9843,-0.00357216,4974.286,-0.00614202
20260816_083613_b5341f,2020-11-25,137079.568519,46352.329119,90727.2394,-0.00696708,4910.7,-0.01278294
20260816_083613_b5341f,2020-11-26,137725.250219,46352.329119,91372.9211,0.00471027,4919.591,0.00181054
20260816_083613_b5341f,2020-11-27,138942.063319,46352.329119,92589.7342,0.00883508,4980.765,0.01243477
20260816_083613_b5341f,2020-11-30,138333.118019,46352.329119,91980.7889,-0.00438273,4960.252,-0.00411844
20260816_083613_b5341f,2020-12-01,140017.446119,46352.329119,93665.117,0.01217588,5067.098,0.02154044
20260816_083613_b5341f,2020-12-02,139701.337319,46352.329119,93349.0082,-0.00225764,5067.145,9.28e-06
20260816_083613_b5341f,2020-12-03,139561.681819,46352.329119,93209.3527,-0.00099967,5057.061,-0.00199008
20260816_083613_b5341f,2020-12-04,138896.109619,46352.329119,92543.7805,-0.00476902,5065.917,0.00175121
20260816_083613_b5341f,2020-12-07,138089.821319,46352.329119,91737.4922,-0.00580497,5022.235,-0.00862272
20260816_083613_b5341f,2020-12-08,138422.983819,46352.329119,92070.6547,0.00241265,5009.879,-0.00246026
20260816_083613_b5341f,2020-12-09,136658.942619,46352.329119,90306.6135,-0.01274385,4942.699,-0.01340951
20260816_083613_b5341f,2020-12-10,136403.537419,46352.329119,90051.2083,-0.00186892,4940.525,-0.00043984
20260816_083613_b5341f,2020-12-11,135349.218919,46352.329119,88996.8898,-0.00772941,4889.63,-0.01030154
20260816_083613_b5341f,2020-12-14,135326.896919,46352.329119,88974.5678,-0.00016492,4934.835,0.00924508
20260816_083613_b5341f,2020-12-15,135069.824819,46352.329119,88717.4957,-0.00189964,4945.1,0.00208011
20260816_083613_b5341f,2020-12-16,132929.179519,46352.329119,86576.8504,-0.01584843,4953.867,0.00177287
20260816_083613_b5341f,2020-12-17,132733.129243,-3798.510657,136531.6399,-0.00147485,5017.478,0.01284068
20260816_083613_b5341f,2020-12-18,132037.969043,-3798.510657,135836.4797,-0.00523728,4999.968,-0.0034898
20260816_083613_b5341f,2020-12-21,132248.182615,7334.770115,124913.4125,0.00159207,5046.84,0.00937446
20260816_083613_b5341f,2020-12-22,129573.854915,7334.770115,122239.0848,-0.02022204,4964.773,-0.01626107
20260816_083613_b5341f,2020-12-23,130674.437215,7334.770115,123339.6671,0.00849386,5007.124,0.0085303
20260816_083613_b5341f,2020-12-24,130209.710215,7334.770115,122874.9401,-0.00355637,5000.015,-0.00141978
20260816_083613_b5341f,2020-12-25,131560.515904,4748.841504,126811.6744,0.01037408,5042.014,0.00839977
20260816_083613_b5341f,2020-12-28,131793.541904,4748.841504,127044.7004,0.00177125,5064.414,0.00444267
20260816_083613_b5341f,2020-12-29,130671.417504,4748.841504,125922.576,-0.00851426,5042.936,-0.00424096
20260816_083613_b5341f,2020-12-30,132880.054004,4748.841504,128131.2125,0.01690222,5113.711,0.01403448
20260816_083613_b5341f,2020-12-31,132800.736304,4748.841504,128051.8948,-0.00059691,5211.289,0.01908164
20260816_083613_b5341f,2021-01-04,133750.295304,4748.841504,129001.4538,0.00715025,5267.718,0.01082822
20260816_083613_b5341f,2021-01-05,133919.924105,36899.614705,97020.3094,0.00126825,5368.505,0.01913295
20260816_083613_b5341f,2021-01-06,134171.191205,36899.614705,97271.5765,0.00187625,5417.667,0.00915748
20260816_083613_b5341f,2021-01-07,132580.171705,36899.614705,95680.557,-0.01185813,5513.657,0.01771796
20260816_083613_b5341f,2021-01-08,132753.102705,36899.614705,95853.488,0.00130435,5495.431,-0.00330561
20260816_083613_b5341f,2021-01-11,130573.098705,36899.614705,93673.484,-0.01642149,5441.159,-0.00987584
20260816_083613_b5341f,2021-01-12,133087.128455,10954.278455,122132.85,0.01925381,5596.352,0.02852205
20260816_083613_b5341f,2021-01-13,131719.280455,10954.278455,120765.002,-0.01027784,5577.972,-0.00328428
20260816_083613_b5341f,2021-01-14,132360.200455,10954.278455,121405.922,0.0048658,5470.456,-0.01927511
20260816_083613_b5341f,2021-01-15,133249.586455,10954.278455,122295.308,0.00671944,5458.081,-0.00226215
20260816_083613_b5341f,2021-01-18,133858.682455,10954.278455,122904.404,0.00457109,5518.52,0.01107331
20260816_083613_b5341f,2021-01-19,134818.160455,10954.278455,123863.882,0.00716784,5437.524,-0.01467712
20260816_083613_b5341f,2021-01-20,133880.898455,10954.278455,122926.62,-0.00695205,5476.434,0.00715583
20260816_083613_b5341f,2021-01-21,133868.400455,10954.278455,122914.122,-9.335e-05,5564.97,0.01616672
20260816_083613_b5341f,2021-01-22,132426.006455,10954.278455,121471.728,-0.01077472,5569.776,0.00086362
20260816_083613_b5341f,2021-01-25,130300.042455,10954.278455,119345.764,-0.01605398,5625.923,0.01008066
20260816_083613_b5341f,2021-01-26,129401.725517,5814.822517,123586.903,-0.00689422,5512.968,-0.02007759
20260816_083613_b5341f,2021-01-27,129965.904517,5814.822517,124151.082,0.0043599,5528.004,0.00272739
20260816_083613_b5341f,2021-01-28,129645.344517,5814.822517,123830.522,-0.00246649,5377.143,-0.02729032
20260816_083613_b5341f,2021-01-29,130189.323517,5814.822517,124374.501,0.0041959,5351.965,-0.00468241
20260816_083613_b5341f,2021-02-01,133385.919517,5814.822517,127571.097,0.02455344,5417.649,0.01227288
20260816_083613_b5341f,2021-02-02,131671.588517,5814.822517,125856.766,-0.01285241,5501.091,0.01540188
20260816_083613_b5341f,2021-02-03,130750.945517,5814.822517,124936.123,-0.00699196,5485.201,-0.00288852
20260816_083613_b5341f,2021-02-04,127826.911517,5814.822517,122012.089,-0.02236339,5473.948,-0.00205152
20260816_083613_b5341f,2021-02-05,129382.843517,5814.822517,123568.021,0.01217218,5483.414,0.00172928
20260816_083613_b5341f,2021-02-08,129282.084517,5814.822517,123467.262,-0.00077877,5564.562,0.01479881
20260816_083613_b5341f,2021-02-09,131038.251517,5814.822517,125223.429,0.01358399,5686.251,0.02186857
20260816_083613_b5341f,2021-02-10,133229.545517,5814.822517,127414.723,0.01672255,5807.72,0.02136188
20260816_083613_b5341f,2021-02-18,134086.093517,5814.822517,128271.271,0.00642911,5768.381,-0.00677357
20260816_083613_b5341f,2021-02-19,136437.334517,5814.822517,130622.512,0.01753531,5778.842,0.00181351
20260816_083613_b5341f,2021-02-22,136596.481517,5814.822517,130781.659,0.00116645,5597.333,-0.03140923
20260816_083613_b5341f,2021-02-23,136534.890517,5814.822517,130720.068,-0.0004509,5579.668,-0.00315597
20260816_083613_b5341f,2021-02-24,135563.878517,5814.822517,129749.056,-0.00711182,5437.568,-0.02546747
20260816_083613_b5341f,2021-02-25,135687.042517,5814.822517,129872.22,0.00090853,5469.559,0.00588333
20260816_083613_b5341f,2021-02-26,134522.841517,5814.822517,128708.019,-0.00858005,5336.761,-0.02427947
20260816_083613_b5341f,2021-03-01,135528.589517,5814.822517,129713.767,0.00747641,5418.784,0.01536943
20260816_083613_b5341f,2021-03-02,133831.115517,5814.822517,128016.293,-0.01252484,5349.631,-0.01276172
20260816_083613_b5341f,2021-03-03,136659.404517,5814.822517,130844.582,0.02113327,5452.213,0.01917553
20260816_083613_b5341f,2021-03-04,135719.767517,5814.822517,129904.945,-0.00687576,5280.706,-0.0314564
20260816_083613_b5341f,2021-03-05,136758.420517,5814.822517,130943.598,0.00765292,5262.796,-0.00339159
20260816_083613_b5341f,2021-03-08,135985.970517,5814.822517,130171.148,-0.00564828,5080.024,-0.03472907
20260816_083613_b5341f,2021-03-09,134156.956517,5814.822517,128342.134,-0.01345002,4970.999,-0.02146151
20260816_083613_b5341f,2021-03-10,132972.653517,5814.822517,127157.831,-0.00882774,5003.612,0.00656065
20260816_083613_b5341f,2021-03-11,135229.878517,5814.822517,129415.056,0.01697511,5128.215,0.02490261
20260816_083613_b5341f,2021-03-12,135672.831517,5814.822517,129858.009,0.00327556,5146.378,0.00354178
20260816_083613_b5341f,2021-03-15,136466.658517,5814.822517,130651.836,0.00585104,5035.544,-0.02153631
20260816_083613_b5341f,2021-03-16,137337.682517,5814.822517,131522.86,0.00638269,5079.362,0.00870174
20260816_083613_b5341f,2021-03-17,136926.170517,5814.822517,131111.348,-0.00299635,5100.859,0.00423222
20260816_083613_b5341f,2021-03-18,137249.270517,5814.822517,131434.448,0.00235967,5141.768,0.00802002
20260816_083613_b5341f,2021-03-19,137027.439517,5814.822517,131212.617,-0.00161626,5007.091,-0.02619274
20260816_083613_b5341f,2021-03-22,138294.409517,5814.822517,132479.587,0.0092461,5057.152,0.00999802
20260816_083613_b5341f,2021-03-23,138499.470517,5814.822517,132684.648,0.00148279,5009.246,-0.00947292
20260816_083613_b5341f,2021-03-24,138170.690517,5814.822517,132355.868,-0.00237387,4928.685,-0.01608246
20260816_083613_b5341f,2021-03-25,137143.654517,5814.822517,131328.832,-0.0074331,4926.347,-0.00047437
20260816_083613_b5341f,2021-03-26,137812.694517,5814.822517,131997.872,0.00487839,5037.99,0.02266243
20260816_083613_b5341f,2021-03-29,137912.884517,5814.822517,132098.062,0.000727,5046.877,0.001764
20260816_083613_b5341f,2021-03-30,137393.122517,5814.822517,131578.3,-0.00376877,5094.729,0.00948151
20260816_083613_b5341f,2021-03-31,138210.152517,5814.822517,132395.33,0.00594666,5048.361,-0.00910117
20260816_083613_b5341f,2021-04-01,139247.550517,5814.822517,133432.728,0.00750595,5110.777,0.01236362
20260816_083613_b5341f,2021-04-02,137511.265672,21638.602672,115872.663,-0.01246905,5161.557,0.00993587
20260816_083613_b5341f,2021-04-06,137621.747672,21638.602672,115983.145,0.00080344,5140.342,-0.00411019
20260816_083613_b5341f,2021-04-07,137762.277672,21638.602672,116123.675,0.00102113,5103.743,-0.00711995
20260816_083613_b5341f,2021-04-08,137402.883672,21638.602672,115764.281,-0.0026088,5112.209,0.00165878
20260816_083613_b5341f,2021-04-09,138378.655672,21638.602672,116740.053,0.00710154,5035.338,-0.01503675
20260816_083613_b5341f,2021-04-12,138563.083672,21638.602672,116924.481,0.00133278,4947.746,-0.01739546
20260816_083613_b5341f,2021-04-13,137471.732672,21638.602672,115833.13,-0.0078762,4939.644,-0.00163751
20260816_083613_b5341f,2021-04-14,137821.334672,21638.602672,116182.732,0.00254308,4980.628,0.00829695
20260816_083613_b5341f,2021-04-15,137311.684672,21638.602672,115673.082,-0.0036979,4948.974,-0.00635542
20260816_083613_b5341f,2021-04-16,138270.718672,21638.602672,116632.116,0.00698436,4966.181,0.00347688
20260816_083613_b5341f,2021-04-19,138732.150672,21638.602672,117093.548,0.00333716,5087.016,0.02433157
20260816_083613_b5341f,2021-04-20,137868.760672,21638.602672,116230.158,-0.00622343,5083.366,-0.00071751
20260816_083613_b5341f,2021-04-21,137898.069672,21638.602672,116259.467,0.00021259,5098.745,0.00302536
20260816_083613_b5341f,2021-04-22,138130.553672,21638.602672,116491.951,0.00168591,5089.243,-0.0018636
20260816_083613_b5341f,2021-04-23,137521.927672,21638.602672,115883.325,-0.00440616,5135.453,0.00907994
20260816_083613_b5341f,2021-04-26,136909.462672,21638.602672,115270.86,-0.00445358,5077.238,-0.0113359
20260816_083613_b5341f,2021-04-27,135999.538672,21638.602672,114360.936,-0.00664617,5090.52,0.00261599
20260816_083613_b5341f,2021-04-28,135788.800672,21638.602672,114150.198,-0.00154955,5119.242,0.00564225
20260816_083613_b5341f,2021-04-29,137532.877672,21638.602672,115894.275,0.01284404,5164.169,0.0087761
20260816_083613_b5341f,2021-04-30,137249.878672,21638.602672,115611.276,-0.00205768,5123.49,-0.00787716
20260816_083613_b5341f,2021-05-06,136760.944672,21638.602672,115122.342,-0.00356236,5061.124,-0.01217256
20260816_083613_b5341f,2021-05-07,136761.787672,21638.602672,115123.185,6.16e-06,4996.053,-0.01285703
20260816_083613_b5341f,2021-05-10,136349.684672,21638.602672,114711.082,-0.00301329,4992.423,-0.00072657
20260816_083613_b5341f,2021-05-11,136549.765058,18677.079058,117872.686,0.00146741,5023.059,0.0061365
20260816_083613_b5341f,2021-05-12,137580.581058,18677.079058,118903.502,0.00754901,5044.548,0.00427807
20260816_083613_b5341f,2021-05-13,137120.985058,18677.079058,118443.906,-0.00334056,4992.974,-0.01022371
20260816_083613_b5341f,2021-05-14,139215.879058,18677.079058,120538.8,0.01527771,5110.59,0.0235563
20260816_083613_b5341f,2021-05-17,138582.025058,18677.079058,119904.946,-0.00455303,5184.985,0.01455703
20260816_083613_b5341f,2021-05-18,138273.416058,18677.079058,119596.337,-0.0022269,5187.601,0.00050453
20260816_083613_b5341f,2021-05-19,137347.875058,18677.079058,118670.796,-0.00669356,5172.272,-0.00295493
20260816_083613_b5341f,2021-05-20,137371.319058,18677.079058,118694.24,0.00017069,5186.412,0.00273381
20260816_083613_b5341f,2021-05-21,137457.996163,24691.244163,112766.752,0.00063097,5134.148,-0.0100771
20260816_083613_b5341f,2021-05-24,139704.544163,24691.244163,115013.3,0.01634352,5155.587,0.00417577
20260816_083613_b5341f,2021-05-25,140359.704163,24691.244163,115668.46,0.00468961,5318.478,0.03159504
20260816_083613_b5341f,2021-05-26,139601.228163,24691.244163,114909.984,-0.0054038,5320.593,0.00039767
20260816_083613_b5341f,2021-05-27,139396.380163,24691.244163,114705.136,-0.00146738,5338.233,0.00331542
20260816_083613_b5341f,2021-05-28,139959.006163,24691.244163,115267.762,0.00403616,5321.089,-0.00321155
20260816_083613_b5341f,2021-05-31,139258.651163,24691.244163,114567.407,-0.005004,5331.569,0.00196952
20260816_083613_b5341f,2021-06-01,139448.419163,24691.244163,114757.175,0.0013627,5341.68,0.00189644
20260816_083613_b5341f,2021-06-02,138796.505163,24691.244163,114105.261,-0.00467495,5289.973,-0.00967991
20260816_083613_b5341f,2021-06-03,139582.564163,24691.244163,114891.32,0.00566339,5255.286,-0.00655712
20260816_083613_b5341f,2021-06-04,139310.426163,24691.244163,114619.182,-0.00194966,5282.277,0.00513597
20260816_083613_b5341f,2021-06-07,139035.702163,24691.244163,114344.458,-0.00197203,5277.627,-0.0008803
20260816_083613_b5341f,2021-06-08,139353.459163,24691.244163,114662.215,0.00228543,5232.116,-0.00862338
20260816_083613_b5341f,2021-06-09,139470.268163,24691.244163,114779.024,0.00083822,5236.45,0.00082835
20260816_083613_b5341f,2021-06-10,140256.201163,24691.244163,115564.957,0.00563513,5271.466,0.00668697
20260816_083613_b5341f,2021-06-11,142559.578163,24691.244163,117868.334,0.01642264,5224.703,-0.00887097
20260816_083613_b5341f,2021-06-15,140931.714163,24691.244163,116240.47,-0.01141883,5166.56,-0.01112848
20260816_083613_b5341f,2021-06-16,139699.591163,24691.244163,115008.347,-0.0087427,5080.491,-0.01665886
20260816_083613_b5341f,2021-06-17,142013.136163,24691.244163,117321.892,0.01656086,5101.892,0.00421239
20260816_083613_b5341f,2021-06-18,140943.656163,24691.244163,116252.412,-0.00753085,5102.466,0.00011251
20260816_083613_b5341f,2021-06-21,141912.710163,24691.244163,117221.466,0.00687547,5090.385,-0.00236768
20260816_083613_b5341f,2021-06-22,144711.470163,24691.244163,120020.226,0.0197217,5122.159,0.00624196
20260816_083613_b5341f,2021-06-23,144488.785163,24691.244163,119797.541,-0.00153882,5147.394,0.00492663
20260816_083613_b5341f,2021-06-24,143871.962163,24691.244163,119180.718,-0.004269,5155.973,0.00166667
20260816_083613_b5341f,2021-06-25,144424.922163,24691.244163,119733.678,0.00384342,5239.969,0.01629101
20260816_083613_b5341f,2021-06-28,143204.020163,24691.244163,118512.776,-0.00845354,5251.76,0.0022502
20260816_083613_b5341f,2021-06-29,143642.816163,24691.244163,118951.572,0.00306413,5190.544,-0.01165628
20260816_083613_b5341f,2021-06-30,144716.237163,24691.244163,120024.993,0.00747285,5224.041,0.00645347
20260816_083613_b5341f,2021-07-01,143771.331163,24691.244163,119080.087,-0.00652937,5229.664,0.00107637
20260816_083613_b5341f,2021-07-02,142932.704294,12651.228294,130281.476,-0.00583306,5081.117,-0.02840469
20260816_083613_b5341f,2021-07-05,143723.149294,12651.228294,131071.921,0.00553019,5085.792,0.00092007
20260816_083613_b5341f,2021-07-06,145081.547294,12651.228294,132430.319,0.00945149,5083.105,-0.00052833
20260816_083613_b5341f,2021-07-07,145894.161294,12651.228294,133242.933,0.00560108,5140.49,0.01128936
20260816_083613_b5341f,2021-07-08,145358.409294,12651.228294,132707.181,-0.0036722,5088.257,-0.01016109
20260816_083613_b5341f,2021-07-09,147008.984294,12651.228294,134357.756,0.01135521,5069.437,-0.00369871
20260816_083613_b5341f,2021-07-12,147100.967294,12651.228294,134449.739,0.0006257,5132.709,0.01248107
20260816_083613_b5341f,2021-07-13,147663.954294,12651.228294,135012.726,0.00382721,5142.099,0.00182944
20260816_083613_b5341f,2021-07-14,146615.082294,12651.228294,133963.854,-0.0071031,5083.085,-0.01147664
20260816_083613_b5341f,2021-07-15,146584.858294,12651.228294,133933.63,-0.00020615,5151.463,0.01345207
20260816_083613_b5341f,2021-07-16,147864.714294,12651.228294,135213.486,0.00873116,5094.773,-0.01100464
20260816_083613_b5341f,2021-07-19,147512.160294,12651.228294,134860.932,-0.0023843,5113.494,0.00367455
20260816_083613_b5341f,2021-07-20,147287.608294,12651.228294,134636.38,-0.00152226,5108.994,-0.00088002
20260816_083613_b5341f,2021-07-21,147478.626294,12651.228294,134827.398,0.0012969,5144.043,0.00686025
20260816_083613_b5341f,2021-07-22,149288.785294,12651.228294,136637.557,0.01227404,5151.752,0.00149863
20260816_083613_b5341f,2021-07-23,148386.821294,12651.228294,135735.593,-0.00604174,5089.228,-0.01213645
20260816_083613_b5341f,2021-07-26,146970.550294,12651.228294,134319.322,-0.00954445,4925.299,-0.03221098
20260816_083613_b5341f,2021-07-27,144238.993294,12651.228294,131587.765,-0.01858574,4751.313,-0.03532496
20260816_083613_b5341f,2021-07-28,141764.114294,12651.228294,129112.886,-0.01715818,4760.483,0.00192999
20260816_083613_b5341f,2021-07-29,143601.786294,12651.228294,130950.558,0.01296289,4850.275,0.01886195
20260816_083613_b5341f,2021-07-30,144700.317294,12651.228294,132049.089,0.00764984,4811.17,-0.00806243
20260816_083613_b5341f,2021-08-02,148116.054294,12651.228294,135464.826,0.02360559,4933.736,0.0254753
20260816_083613_b5341f,2021-08-03,147446.346294,12651.228294,134795.118,-0.00452151,4934.459,0.00014654
20260816_083613_b5341f,2021-08-04,150257.588294,12651.228294,137606.36,0.0190662,4978.848,0.00899572
20260816_083613_b5341f,2021-08-05,150630.860294,12651.228294,137979.632,0.00248421,4948.67,-0.00606124
20260816_083613_b5341f,2021-08-06,150188.075294,12651.228294,137536.847,-0.00293954,4921.565,-0.00547723
20260816_083613_b5341f,2021-08-09,151815.336294,12651.228294,139164.108,0.01083482,4985.563,0.01300359
20260816_083613_b5341f,2021-08-10,152370.301294,12651.228294,139719.073,0.00365553,5043.148,0.01155035
20260816_083613_b5341f,2021-08-11,154412.992294,12651.228294,141761.764,0.0134061,5015.34,-0.00551402
20260816_083613_b5341f,2021-08-12,155299.225294,12651.228294,142647.997,0.00573937,4973.351,-0.00837211
20260816_083613_b5341f,2021-08-13,156909.338294,12651.228294,144258.11,0.01036781,4945.983,-0.00550293
20260816_083613_b5341f,2021-08-16,160425.811294,12651.228294,147774.583,0.02241086,4941.068,-0.00099374
20260816_083613_b5341f,2021-08-17,156413.095294,12651.228294,143761.867,-0.02501291,4837.403,-0.02098028
20260816_083613_b5341f,2021-08-18,156780.535294,12651.228294,144129.307,0.00234916,4894.238,0.01174907
20260816_083613_b5341f,2021-08-19,155620.063294,12651.228294,142968.835,-0.00740189,4862.139,-0.00655853
20260816_083613_b5341f,2021-08-20,155866.271294,12651.228294,143215.043,0.00158211,4769.268,-0.01910085
20260816_083613_b5341f,2021-08-23,157350.962294,12651.228294,144699.734,0.00952542,4835.878,0.0139665
20260816_083613_b5341f,2021-08-24,159159.451294,12651.228294,146508.223,0.01149335,4888.391,0.01085904
20260816_083613_b5341f,2021-08-25,160555.334294,12651.228294,147904.106,0.00877034,4898.158,0.001998
20260816_083613_b5341f,2021-08-26,160300.847294,12651.228294,147649.619,-0.00158504,4801.609,-0.01971129
20260816_083613_b5341f,2021-08-27,160491.001294,12651.228294,147839.773,0.00118623,4827.044,0.00529718
20260816_083613_b5341f,2021-08-30,161471.796294,12651.228294,148820.568,0.00611121,4813.27,-0.00285351
20260816_083613_b5341f,2021-08-31,162992.287294,12651.228294,150341.059,0.00941645,4805.61,-0.00159143
20260816_083613_b5341f,2021-09-01,162155.914294,12651.228294,149504.686,-0.00513137,4869.458,0.01328614
20260816_083613_b5341f,2021-09-02,164682.685294,12651.228294,152031.457,0.01558235,4869.412,-9.45e-06
20260816_083613_b5341f,2021-09-03,164279.096294,12651.228294,151627.868,-0.00245071,4843.062,-0.00541133
20260816_083613_b5341f,2021-09-06,165150.080294,12651.228294,152498.852,0.00530186,4933.726,0.01872039
20260816_083613_b5341f,2021-09-07,168362.667294,12651.228294,155711.439,0.01945253,4992.83,0.01197959
20260816_083613_b5341f,2021-09-08,171399.167294,12651.228294,158747.939,0.01803547,4972.133,-0.00414534
20260816_083613_b5341f,2021-09-09,171713.625294,12651.228294,159062.397,0.00183465,4970.013,-0.00042638
20260816_083613_b5341f,2021-09-10,169705.033294,12651.228294,157053.805,-0.01169734,5013.522,0.0087543
20260816_083613_b5341f,2021-09-13,173239.650294,12651.228294,160588.422,0.020828,4991.66,-0.00436061
20260816_083613_b5341f,2021-09-14,171005.673294,12651.228294,158354.445,-0.0128953,4917.162,-0.01492449
20260816_083613_b5341f,2021-09-15,174608.098294,12651.228294,161956.87,0.02106611,4867.319,-0.01013654
20260816_083613_b5341f,2021-09-16,171207.239294,12651.228294,158556.011,-0.0194771,4807.698,-0.01224925
20260816_083613_b5341f,2021-09-17,170011.184294,12651.228294,157359.956,-0.00698601,4855.941,0.01003453
20260816_083613_b5341f,2021-09-22,172685.220294,12651.228294,160033.992,0.01572859,4821.767,-0.00703756
20260816_083613_b5341f,2021-09-23,171501.127294,12651.228294,158849.899,-0.00685694,4853.196,0.00651815
20260816_083613_b5341f,2021-09-24,163905.463294,12651.228294,151254.235,-0.04428929,4849.427,-0.0007766
20260816_083613_b5341f,2021-09-27,157621.805294,12651.228294,144970.577,-0.03833709,4877.37,0.00576212
20260816_083613_b5341f,2021-09-28,160120.339294,12651.228294,147469.111,0.01585145,4883.828,0.00132407
20260816_083613_b5341f,2021-09-29,155150.392294,12651.228294,142499.164,-0.03103882,4833.928,-0.0102174
20260816_083613_b5341f,2021-09-30,157605.297294,12651.228294,144954.069,0.01582274,4866.382,0.00671379
20260816_083613_b5341f,2021-10-08,160741.625294,12651.228294,148090.397,0.01989989,4929.941,0.01306083
20260816_083613_b5341f,2021-10-11,164645.135586,46306.619586,118338.516,0.02428438,4936.192,0.00126797
20260816_083613_b5341f,2021-10-12,164799.021586,46306.619586,118492.402,0.00093465,4883.837,-0.01060635
20260816_083613_b5341f,2021-10-13,164440.479586,46306.619586,118133.86,-0.00217563,4940.109,0.01152209
20260816_083613_b5341f,2021-10-14,164899.747586,46306.619586,118593.128,0.00279291,4913.613,-0.00536344
20260816_083613_b5341f,2021-10-15,163537.079586,46306.619586,117230.46,-0.00826361,4932.109,0.00376424
20260816_083613_b5341f,2021-10-18,164733.422586,46306.619586,118426.803,0.00731542,4874.775,-0.01162464
20260816_083613_b5341f,2021-10-19,165579.862586,46306.619586,119273.243,0.00513824,4922.724,0.00983615
20260816_083613_b5341f,2021-10-20,166764.337586,46306.619586,120457.718,0.0071535,4910.185,-0.00254717
20260816_083613_b5341f,2021-10-21,169070.867586,46306.619586,122764.248,0.01383107,4928.016,0.00363143
20260816_083613_b5341f,2021-10-22,168501.954586,46306.619586,122195.335,-0.00336494,4959.726,0.00643464
20260816_083613_b5341f,2021-10-25,168024.886586,46306.619586,121718.267,-0.00283123,4979.524,0.00399175
20260816_083613_b5341f,2021-10-26,169551.358586,46306.619586,123244.739,0.0090848,4963.099,-0.00329851
20260816_083613_b5341f,2021-10-27,168052.419586,46306.619586,121745.8,-0.00884062,4898.165,-0.01308336
20260816_083613_b5341f,2021-10-28,165192.338117,3900.988117,161291.35,-0.01701898,4864.138,-0.00694689
20260816_083613_b5341f,2021-10-29,166087.785117,3900.988117,162186.797,0.00542063,4908.77,0.00917573
20260816_083613_b5341f,2021-11-01,166746.836117,3900.988117,162845.848,0.00396809,4890.686,-0.00368402
20260816_083613_b5341f,2021-11-02,163507.874117,3900.988117,159606.886,-0.01942443,4839.846,-0.01039527
20260816_083613_b5341f,2021-11-03,162764.067117,3900.988117,158863.079,-0.00454906,4821.112,-0.00387078
20260816_083613_b5341f,2021-11-04,162944.771117,3900.988117,159043.783,0.00111022,4868.742,0.00987946
20260816_083613_b5341f,2021-11-05,159795.703117,3900.988117,155894.715,-0.01932598,4842.346,-0.00542152
20260816_083613_b5341f,2021-11-08,162309.080222,1346.128222,160962.952,0.01572869,4848.179,0.00120458
20260816_083613_b5341f,2021-11-09,163233.986222,1346.128222,161887.858,0.00569842,4846.745,-0.00029578
20260816_083613_b5341f,2021-11-10,164592.198222,1346.128222,163246.07,0.00832064,4821.193,-0.00527199
20260816_083613_b5341f,2021-11-11,164993.086222,1346.128222,163646.958,0.00243564,4898.653,0.01606656
20260816_083613_b5341f,2021-11-12,165707.688222,1346.128222,164361.56,0.0043311,4888.375,-0.00209813
20260816_083613_b5341f,2021-11-15,164452.644222,1346.128222,163106.516,-0.00757384,4882.378,-0.00122679
20260816_083613_b5341f,2021-11-16,163062.848222,1346.128222,161716.72,-0.00845104,4883.32,0.00019294
20260816_083613_b5341f,2021-11-17,162775.828222,1346.128222,161429.7,-0.00176018,4885.755,0.00049864
20260816_083613_b5341f,2021-11-18,161500.594222,1346.128222,160154.466,-0.0078343,4837.618,-0.00985252
20260816_083613_b5341f,2021-11-19,162612.958222,1346.128222,161266.83,0.00688768,4890.058,0.01084005
20260816_083613_b5341f,2021-11-22,160795.144222,1346.128222,159449.016,-0.01117878,4912.399,0.00456866
20260816_083613_b5341f,2021-11-23,160755.172222,1346.128222,159409.044,-0.00024859,4913.346,0.00019278
20260816_083613_b5341f,2021-11-24,156490.016222,1346.128222,155143.888,-0.026532,4916.658,0.00067408
20260816_083613_b5341f,2021-11-25,152921.112222,1346.128222,151574.984,-0.02280595,4896.442,-0.00411174
20260816_083613_b5341f,2021-11-26,148845.761969,-1971.342031,150817.104,-0.02665002,4860.126,-0.00741681
20260816_083613_b5341f,2021-11-29,146128.167969,-1971.342031,148099.51,-0.01825779,4851.423,-0.00179069
20260816_083613_b5341f,2021-11-30,146880.537969,-1971.342031,148851.88,0.0051487,4832.026,-0.00399821
20260816_083613_b5341f,2021-12-01,150198.745969,-1971.342031,152170.088,0.0225912,4843.851,0.00244721
20260816_083613_b5341f,2021-12-02,150322.023969,-1971.342031,152293.366,0.00082077,4856.163,0.00254178
20260816_083613_b5341f,2021-12-03,151121.103969,-1971.342031,153092.446,0.00531579,4901.018,0.00923672
20260816_083613_b5341f,2021-12-06,150926.691969,-1971.342031,152898.034,-0.00128646,4892.621,-0.00171332
20260816_083613_b5341f,2021-12-07,151565.377969,-1971.342031,153536.72,0.00423176,4922.102,0.0060256
20260816_083613_b5341f,2021-12-08,151023.417969,-1971.342031,152994.76,-0.00357575,4995.93,0.01499928
20260816_083613_b5341f,2021-12-09,154000.901969,-1971.342031,155972.244,0.01971538,5078.69,0.01656548
20260816_083613_b5341f,2021-12-10,152446.787969,-1971.342031,154418.13,-0.01009159,5055.118,-0.00464135
20260816_083613_b5341f,2021-12-13,152679.377969,-1971.342031,154650.72,0.00152571,5083.801,0.00567405
20260816_083613_b5341f,2021-12-14,150679.387969,-1971.342031,152650.73,-0.01309928,5049.695,-0.00670876
20260816_083613_b5341f,2021-12-15,151481.237969,-1971.342031,153452.58,0.00532156,5005.9,-0.0086728
20260816_083613_b5341f,2021-12-16,152252.375969,-1971.342031,154223.718,0.00509065,5034.732,0.0057596
20260816_083613_b5341f,2021-12-17,150864.625969,-1971.342031,152835.968,-0.0091148,4954.76,-0.01588406
20260816_083613_b5341f,2021-12-20,151814.925969,-1971.342031,153786.268,0.00629902,4880.418,-0.01500416
20260816_083613_b5341f,2021-12-21,154703.149969,-1971.342031,156674.492,0.01902464,4913.485,0.00677544
20260816_083613_b5341f,2021-12-22,153300.149969,-1971.342031,155271.492,-0.00906898,4914.454,0.00019721
20260816_083613_b5341f,2021-12-23,152427.271969,-1971.342031,154398.614,-0.00569391,4948.739,0.00697636
20260816_083613_b5341f,2021-12-24,150666.695969,-1971.342031,152638.038,-0.01155027,4921.345,-0.00553555
20260816_083613_b5341f,2021-12-27,152001.659969,-1971.342031,153973.002,0.00886038,4919.324,-0.00041066
20260816_083613_b5341f,2021-12-28,151835.189969,-1971.342031,153806.532,-0.00109519,4955.964,0.00744818
20260816_083613_b5341f,2021-12-29,151541.281969,-1971.342031,153512.624,-0.0019357,4883.48,-0.01462561
20260816_083613_b5341f,2021-12-30,151867.291969,-1971.342031,153838.634,0.00215129,4921.511,0.00778768
20260816_083613_b5341f,2021-12-31,152530.507969,-1971.342031,154501.85,0.00436708,4940.373,0.00383256
20260816_083613_b5341f,2022-01-04,154980.639969,-1971.342031,156951.982,0.01606323,4917.766,-0.00457597
20260816_083613_b5341f,2022-01-05,153695.347812,23436.232812,130259.115,-0.00829324,4868.121,-0.01009503
20260816_083613_b5341f,2022-01-06,155129.311812,23436.232812,131693.079,0.00932991,4818.232,-0.0102481
20260816_083613_b5341f,2022-01-07,154466.615812,23436.232812,131030.383,-0.00427189,4822.369,0.00085861
20260816_083613_b5341f,2022-01-10,155794.071812,23436.232812,132357.839,0.00859381,4844.045,0.00449489
20260816_083613_b5341f,2022-01-11,155800.022812,23436.232812,132363.79,3.82e-05,4797.773,-0.00955235
20260816_083613_b5341f,2022-01-12,155794.344812,23436.232812,132358.112,-3.644e-05,4845.579,0.00996421
20260816_083613_b5341f,2022-01-13,154722.335812,23436.232812,131286.103,-0.00688092,4765.919,-0.01643973
20260816_083613_b5341f,2022-01-14,152907.376812,23436.232812,129471.144,-0.01173043,4726.732,-0.00822234
20260816_083613_b5341f,2022-01-17,154050.639812,23436.232812,130614.407,0.00747683,4767.276,0.0085776
20260816_083613_b5341f,2022-01-18,153127.566812,23436.232812,129691.334,-0.00599201,4813.347,0.00966401
20260816_083613_b5341f,2022-01-19,152985.244812,23436.232812,129549.012,-0.00092943,4780.378,-0.0068495
20260816_083613_b5341f,2022-01-20,150806.992812,23436.232812,127370.76,-0.01423831,4823.509,0.00902251
20260816_083613_b5341f,2022-01-21,149426.144812,23436.232812,125989.912,-0.00915639,4779.314,-0.00916242
20260816_083613_b5341f,2022-01-24,148457.113812,23436.232812,125020.881,-0.00648502,4786.738,0.00155336
20260816_083613_b5341f,2022-01-25,143584.964112,14255.640112,129329.324,-0.03281857,4678.451,-0.0226223
20260816_083613_b5341f,2022-01-26,143387.291541,1969.845541,141417.446,-0.00137669,4712.311,0.00723744
20260816_083613_b5341f,2022-01-27,140187.799541,1969.845541,138217.954,-0.02231364,4619.876,-0.01961564
20260816_083613_b5341f,2022-01-28,140995.790541,1969.845541,139025.945,0.00576363,4563.772,-0.01214405
20260816_083613_b5341f,2022-02-07,144218.739541,1969.845541,142248.894,0.02285848,4634.09,0.01540787
20260816_083613_b5341f,2022-02-08,146853.269541,1969.845541,144883.424,0.0182676,4608.773,-0.00546321
20260816_083613_b5341f,2022-02-09,147615.037541,1969.845541,145645.192,0.00518727,4652.061,0.00939252
20260816_083613_b5341f,2022-02-10,151963.765541,1969.845541,149993.92,0.02945993,4639.863,-0.00262206
20260816_083613_b5341f,2022-02-11,150420.908541,1969.845541,148451.063,-0.0101528,4601.395,-0.00829076
20260816_083613_b5341f,2022-02-14,147986.729541,1969.845541,146016.884,-0.01618245,4551.688,-0.01080259
20260816_083613_b5341f,2022-02-15,147359.171541,1969.845541,145389.326,-0.00424064,4600.102,0.01063649
20260816_083613_b5341f,2022-02-16,148302.983541,1969.845541,146333.138,0.00640484,4617.989,0.00388839
20260816_083613_b5341f,2022-02-17,147934.039541,1969.845541,145964.194,-0.00248777,4629.165,0.0024201
20260816_083613_b5341f,2022-02-18,149385.664541,1969.845541,147415.819,0.00981265,4651.236,0.00476781
20260816_083613_b5341f,2022-02-21,149846.040541,1969.845541,147876.195,0.0030818,4634.314,-0.00363817
20260816_083613_b5341f,2022-02-22,148226.019541,1969.845541,146256.174,-0.01081124,4574.153,-0.01298164
20260816_083613_b5341f,2022-02-23,149083.058541,1969.845541,147113.213,0.00578197,4623.047,0.01068919
20260816_083613_b5341f,2022-02-24,145677.151541,1969.845541,143707.306,-0.0228457,4529.319,-0.02027407
20260816_083613_b5341f,2022-02-25,148101.718541,1969.845541,146131.873,0.01664343,4573.424,0.00973767
20260816_083613_b5341f,2022-02-28,148334.444541,1969.845541,146364.599,0.00157139,4581.646,0.00179778
20260816_083613_b5341f,2022-03-01,148589.613541,1969.845541,146619.768,0.00172023,4619.686,0.00830269
20260816_083613_b5341f,2022-03-02,148969.383541,1969.845541,146999.538,0.00255583,4578.601,-0.00889346
20260816_083613_b5341f,2022-03-03,153542.913541,1969.845541,151573.068,0.03070114,4551.628,-0.0058911
20260816_083613_b5341f,2022-03-04,151064.642541,1969.845541,149094.797,-0.01614058,4496.43,-0.01212709
20260816_083613_b5341f,2022-03-07,149916.120541,1969.845541,147946.275,-0.00760285,4352.777,-0.03194823
20260816_083613_b5341f,2022-03-08,144038.206541,1969.845541,142068.361,-0.03920802,4265.391,-0.02007592
20260816_083613_b5341f,2022-03-09,142372.062541,1969.845541,140402.217,-0.01156738,4226.346,-0.00915391
20260816_083613_b5341f,2022-03-10,145699.994541,1969.845541,143730.149,0.02337489,4292.838,0.01573274
20260816_083613_b5341f,2022-03-11,146543.679541,1969.845541,144573.834,0.00579056,4306.521,0.0031874
20260816_083613_b5341f,2022-03-14,141873.341541,1969.845541,139903.496,-0.03186994,4174.758,-0.03059616
20260816_083613_b5341f,2022-03-15,131312.852541,1969.845541,129343.007,-0.07443603,3983.812,-0.04573822
20260816_083613_b5341f,2022-03-16,134357.588562,10971.468562,123386.12,0.02318689,4156.081,0.04324225
20260816_083613_b5341f,2022-03-17,135432.068562,10971.468562,124460.6,0.00799717,4237.696,0.01963749
20260816_083613_b5341f,2022-03-18,139013.668562,10971.468562,128042.2,0.02644573,4265.902,0.00665598
20260816_083613_b5341f,2022-03-21,139192.748562,10971.468562,128221.28,0.00128822,4258.746,-0.00167749
20260816_083613_b5341f,2022-03-22,143490.668562,10971.468562,132519.2,0.03087747,4255.295,-0.00081033
20260816_083613_b5341f,2022-03-23,142595.268562,10971.468562,131623.8,-0.00624013,4276.517,0.0049872
20260816_083613_b5341f,2022-03-24,143848.828562,10971.468562,132877.36,0.00879104,4251.307,-0.00589498
20260816_083613_b5341f,2022-03-25,145102.388562,10971.468562,134130.92,0.00871443,4174.574,-0.01804927
20260816_083613_b5341f,2022-03-28,144206.988562,10971.468562,133235.52,-0.00617082,4148.466,-0.00625405
20260816_083613_b5341f,2022-03-29,144565.148562,10971.468562,133593.68,0.00248365,4134.144,-0.00345236
20260816_083613_b5341f,2022-03-30,146893.188562,10971.468562,135921.72,0.01610374,4254.099,0.02901568
20260816_083613_b5341f,2022-03-31,149579.388562,10971.468562,138607.92,0.01828676,4222.597,-0.00740509
20260816_083613_b5341f,2022-04-01,150832.948562,10971.468562,139861.48,0.00838057,4276.158,0.01268437
20260816_083613_b5341f,2022-04-06,152470.862761,48115.010761,104355.852,0.01085913,4263.841,-0.00288039
20260816_083613_b5341f,2022-04-07,150558.011761,48115.010761,102443.001,-0.01254568,4209.1,-0.01283842
20260816_083613_b5341f,2022-04-08,150365.159761,48115.010761,102250.149,-0.00128091,4230.767,0.00514766
20260816_083613_b5341f,2022-04-11,148643.580761,48115.010761,100528.57,-0.01144932,4100.07,-0.03089203
20260816_083613_b5341f,2022-04-12,149646.707761,48115.010761,101531.697,0.00674854,4179.973,0.0194882
20260816_083613_b5341f,2022-04-13,149745.384761,48115.010761,101630.374,0.0006594,4139.737,-0.0096259
20260816_083613_b5341f,2022-04-14,150471.616761,48115.010761,102356.606,0.00484978,4191.568,0.01252036
20260816_083613_b5341f,2022-04-15,149118.337761,48115.010761,101003.327,-0.00899358,4188.747,-0.00067302
20260816_083613_b5341f,2022-04-18,151085.77553,7456.23153,143629.544,0.0131938,4166.384,-0.00533883
20260816_083613_b5341f,2022-04-19,151581.18753,7456.23153,144124.956,0.00327901,4134.901,-0.00755643
20260816_083613_b5341f,2022-04-20,150111.58153,7456.23153,142655.35,-0.00969517,4070.788,-0.01550533
20260816_083613_b5341f,2022-04-21,146567.02553,7456.23153,139110.794,-0.02361281,3995.83,-0.01841363
20260816_083613_b5341f,2022-04-22,146571.85153,7456.23153,139115.62,3.293e-05,4013.25,0.00435954
20260816_083613_b5341f,2022-04-25,138129.16553,7456.23153,130672.934,-0.05760101,3814.913,-0.04942054
20260816_083613_b5341f,2022-04-26,135257.646106,14362.944106,120894.702,-0.02078865,3784.12,-0.00807174
20260816_083613_b5341f,2022-04-27,136631.084106,14362.944106,122268.14,0.01015424,3895.536,0.02944304
20260816_083613_b5341f,2022-04-28,133667.144106,14362.944106,119304.2,-0.02169301,3921.107,0.00656418
20260816_083613_b5341f,2022-04-29,135721.567106,14362.944106,121358.623,0.01536969,4016.241,0.02426203
20260816_083613_b5341f,2022-05-05,134770.789106,14362.944106,120407.845,-0.00700536,4010.21,-0.00150165
20260816_083613_b5341f,2022-05-06,132830.632106,14362.944106,118467.688,-0.01439598,3908.815,-0.02528421
20260816_083613_b5341f,2022-05-09,134566.730106,14362.944106,120203.786,0.01307001,3877.436,-0.00802775
20260816_083613_b5341f,2022-05-10,134869.390106,14362.944106,120506.446,0.00224914,3919.869,0.01094357
20260816_083613_b5341f,2022-05-11,135643.242106,14362.944106,121280.298,0.00573779,3976.423,0.01442752
20260816_083613_b5341f,2022-05-12,133992.740106,14362.944106,119629.796,-0.01216796,3958.74,-0.00444696
20260816_083613_b5341f,2022-05-13,135166.316106,14362.944106,120803.372,0.0087585,3988.6,0.0075428
20260816_083613_b5341f,2022-05-16,133521.548106,14362.944106,119158.604,-0.01216848,3956.538,-0.00803841
20260816_083613_b5341f,2022-05-17,134782.257106,14362.944106,120419.313,0.00944199,4005.894,0.01247454
20260816_083613_b5341f,2022-05-18,134760.858106,14362.944106,120397.914,-0.00015877,3991.907,-0.00349161
20260816_083613_b5341f,2022-05-19,136432.759106,14362.944106,122069.815,0.01240643,3999.598,0.00192665
20260816_083613_b5341f,2022-05-20,137243.675106,14362.944106,122880.731,0.0059437,4077.6,0.01950246
20260816_083613_b5341f,2022-05-23,138450.118106,14362.944106,124087.174,0.00879052,4053.983,-0.00579189
20260816_083613_b5341f,2022-05-24,135210.651106,14362.944106,120847.707,-0.02339808,3959.154,-0.02339156
20260816_083613_b5341f,2022-05-25,139516.699106,14362.944106,125153.755,0.03184696,3983.178,0.00606796
20260816_083613_b5341f,2022-05-26,138368.719106,14362.944106,124005.775,-0.00822826,3993.045,0.00247717
20260816_083613_b5341f,2022-05-27,138698.512106,14362.944106,124335.568,0.00238344,4001.299,0.00206709
20260816_083613_b5341f,2022-05-30,139152.502106,14362.944106,124789.558,0.00327321,4029.018,0.0069275
20260816_083613_b5341f,2022-05-31,138524.246106,14362.944106,124161.302,-0.00451487,4091.517,0.01551222
20260816_083613_b5341f,2022-06-01,139887.753106,14362.944106,125524.809,0.00984309,4083.177,-0.00203836
20260816_083613_b5341f,2022-06-02,140785.802106,14362.944106,126422.858,0.00641978,4089.569,0.00156545
20260816_083613_b5341f,2022-06-06,141348.324106,14362.944106,126985.38,0.00399559,4166.085,0.01871004
20260816_083613_b5341f,2022-06-07,139833.487106,14362.944106,125470.543,-0.01071705,4179.128,0.00313076
20260816_083613_b5341f,2022-06-08,141445.388106,14362.944106,127082.444,0.01152729,4219.812,0.00973505
20260816_083613_b5341f,2022-06-09,141889.447106,14362.944106,127526.503,0.00313944,4175.674,-0.01045971
20260816_083613_b5341f,2022-06-10,142845.959106,14362.944106,128483.015,0.00674125,4238.993,0.01516378
20260816_083613_b5341f,2022-06-13,144015.338106,14362.944106,129652.394,0.00818629,4189.353,-0.01171033
20260816_083613_b5341f,2022-06-14,145512.973106,14362.944106,131150.029,0.01039914,4222.311,0.00786709
20260816_083613_b5341f,2022-06-15,147004.874106,14362.944106,132641.93,0.0102527,4278.218,0.01324085
20260816_083613_b5341f,2022-06-16,143090.156106,14362.944106,128727.212,-0.02662985,4250.061,-0.00658148
20260816_083613_b5341f,2022-06-17,142993.092106,14362.944106,128630.148,-0.00067834,4309.045,0.01387839
20260816_083613_b5341f,2022-06-20,145027.653106,14362.944106,130664.709,0.01422839,4330.433,0.00496351
20260816_083613_b5341f,2022-06-21,143367.220106,14362.944106,129004.276,-0.01144908,4325.566,-0.00112391
20260816_083613_b5341f,2022-06-22,142713.368106,14362.944106,128350.424,-0.00456068,4270.623,-0.01270192
20260816_083613_b5341f,2022-06-23,145910.037106,14362.944106,131547.093,0.02239923,4343.878,0.01715324
20260816_083613_b5341f,2022-06-24,145237.189506,14362.944106,130874.2454,-0.00461139,4394.772,0.01171626
20260816_083613_b5341f,2022-06-27,146923.592106,14362.944106,132560.648,0.01161137,4444.264,0.01126156
20260816_083613_b5341f,2022-06-28,148362.859306,14362.944106,133999.9152,0.00979603,4490.517,0.01040735
20260816_083613_b5341f,2022-06-29,145785.352706,14362.944106,131422.4086,-0.01737299,4421.357,-0.01540134
20260816_083613_b5341f,2022-06-30,146069.504506,14362.944106,131706.5604,0.00194911,4485.011,0.01439694
20260816_083613_b5341f,2022-07-01,145556.725506,14362.944106,131193.7814,-0.00351051,4466.718,-0.0040787
20260816_083613_b5341f,2022-07-04,145443.294627,29562.095227,115881.1994,-0.00077929,4496.03,0.00656231
20260816_083613_b5341f,2022-07-05,145865.871427,29562.095227,116303.7762,0.00290544,4489.538,-0.00144394
20260816_083613_b5341f,2022-07-06,143509.335627,29562.095227,113947.2404,-0.0161555,4423.97,-0.01460462
20260816_083613_b5341f,2022-07-07,143514.041627,29562.095227,113951.9464,3.279e-05,4443.474,0.00440871
20260816_083613_b5341f,2022-07-08,144144.486427,29562.095227,114582.3912,0.00439291,4428.781,-0.00330665
20260816_083613_b5341f,2022-07-11,144299.269227,29562.095227,114737.174,0.0010738,4354.617,-0.01674592
20260816_083613_b5341f,2022-07-12,144346.499827,29562.095227,114784.4046,0.00032731,4313.619,-0.00941483
20260816_083613_b5341f,2022-07-13,144236.173327,29562.095227,114674.0781,-0.00076432,4321.462,0.00181819
20260816_083613_b5341f,2022-07-14,143930.661627,29562.095227,114368.5664,-0.00211814,4322.075,0.00014185
20260816_083613_b5341f,2022-07-15,141317.239727,29562.095227,111755.1445,-0.01815751,4248.527,-0.01701683
20260816_083613_b5341f,2022-07-18,144532.46313,9821.69593,134710.7672,0.02275181,4292.585,0.01037018
20260816_083613_b5341f,2022-07-19,145691.82483,9821.69593,135870.1289,0.00802146,4269.34,-0.00541515
20260816_083613_b5341f,2022-07-20,146259.50433,9821.69593,136437.8084,0.00389644,4283.803,0.00338764
20260816_083613_b5341f,2022-07-21,145030.80953,9821.69593,135209.1136,-0.00840079,4236.058,-0.01114547
20260816_083613_b5341f,2022-07-22,146437.92963,9821.69593,136616.2337,0.00970222,4238.235,0.00051392
20260816_083613_b5341f,2022-07-25,145751.62493,9821.69593,135929.929,-0.00468666,4212.644,-0.00603813
20260816_083613_b5341f,2022-07-26,147092.29253,9821.69593,137270.5966,0.0091983,4245.975,0.00791213
20260816_083613_b5341f,2022-07-27,147221.58043,9821.69593,137399.8845,0.00087896,4225.036,-0.00493149
20260816_083613_b5341f,2022-07-28,147316.36443,9821.69593,137494.6685,0.00064382,4225.673,0.00015077
20260816_083613_b5341f,2022-07-29,146333.40553,9821.69593,136511.7096,-0.00667244,4170.102,-0.0131508
20260816_083613_b5341f,2022-08-01,146702.42583,9821.69593,136880.7299,0.00252178,4188.679,0.00445481
20260816_083613_b5341f,2022-08-02,141479.56523,9821.69593,131657.8693,-0.03560173,4107.024,-0.01949421
20260816_083613_b5341f,2022-08-03,140602.17183,9821.69593,130780.4759,-0.00620156,4066.975,-0.00975134
20260816_083613_b5341f,2022-08-04,141743.63173,9821.69593,131921.9358,0.00811837,4101.536,0.00849796
20260816_083613_b5341f,2022-08-05,142861.13483,9821.69593,133039.4389,0.00788397,4156.912,0.01350128
20260816_083613_b5341f,2022-08-08,143603.55843,9821.69593,133781.8625,0.00519682,4148.075,-0.00212586
20260816_083613_b5341f,2022-08-09,143665.60753,9821.69593,133843.9116,0.00043209,4156.29,0.00198044
20260816_083613_b5341f,2022-08-10,143316.16873,9821.69593,133494.4728,-0.00243231,4109.738,-0.01120037
20260816_083613_b5341f,2022-08-11,145174.64163,9821.69593,135352.9457,0.01296764,4193.543,0.02039181
20260816_083613_b5341f,2022-08-12,145971.38403,9821.69593,136149.6881,0.00548817,4191.152,-0.00057016
20260816_083613_b5341f,2022-08-15,146500.10393,9821.69593,136678.408,0.00362208,4185.679,-0.00130585
20260816_083613_b5341f,2022-08-16,147257.02633,9821.69593,137435.3304,0.0051667,4177.837,-0.00187353
20260816_083613_b5341f,2022-08-17,147793.07663,9821.69593,137971.3807,0.00364024,4216.958,0.00936394
20260816_083613_b5341f,2022-08-18,146096.40863,9821.69593,136274.7127,-0.01148002,4180.1,-0.00874042
20260816_083613_b5341f,2022-08-19,147321.13233,9821.69593,137499.4364,0.00838298,4151.074,-0.00694385
20260816_083613_b5341f,2022-08-22,149723.68833,9821.69593,139901.9924,0.01630829,4181.397,0.00730486
20260816_083613_b5341f,2022-08-23,151910.87053,9821.69593,142089.1746,0.01460812,4161.083,-0.00485818
20260816_083613_b5341f,2022-08-24,149989.78093,9821.69593,140168.085,-0.01264616,4082.419,-0.01890469
20260816_083613_b5341f,2022-08-25,151711.39913,9821.69593,141889.7032,0.01147824,4116.239,0.0082843
20260816_083613_b5341f,2022-08-26,153257.63993,9821.69593,143435.944,0.01019199,4107.546,-0.00211188
20260816_083613_b5341f,2022-08-29,153725.82333,9821.69593,143904.1274,0.00305488,4089.52,-0.00438851
20260816_083613_b5341f,2022-08-30,154713.35373,9821.69593,144891.6578,0.00642397,4075.793,-0.00335663
20260816_083613_b5341f,2022-08-31,150858.13293,9821.69593,141036.437,-0.02491847,4078.841,0.00074783
20260816_083613_b5341f,2022-09-01,150808.50463,9821.69593,140986.8087,-0.00032897,4043.739,-0.00860588
20260816_083613_b5341f,2022-09-02,152363.79243,9821.69593,142542.0965,0.010313,4023.613,-0.00497708
20260816_083613_b5341f,2022-09-05,154636.67973,9821.69593,144814.9838,0.0149175,4015.427,-0.00203449
20260816_083613_b5341f,2022-09-06,157131.99223,9821.69593,147310.2963,0.01613661,4052.281,0.0091781
20260816_083613_b5341f,2022-09-07,155438.86393,9821.69593,145617.168,-0.0107752,4054.983,0.00066678
20260816_083613_b5341f,2022-09-08,153838.14283,9821.69593,144016.4469,-0.01029808,4037.684,-0.00426611
20260816_083613_b5341f,2022-09-09,154001.88593,9821.69593,144180.19,0.00106439,4093.788,0.01389509
20260816_083613_b5341f,2022-09-13,152663.20013,9821.69593,142841.5042,-0.00869266,4111.115,0.00423251
20260816_083613_b5341f,2022-09-14,151167.64303,9821.69593,141345.9471,-0.00979645,4065.359,-0.01112983
20260816_083613_b5341f,2022-09-15,150295.27113,9821.69593,140473.5752,-0.00577089,4027.118,-0.00940655
20260816_083613_b5341f,2022-09-16,147540.36063,9821.69593,137718.6647,-0.01832999,3932.683,-0.02344977
20260816_083613_b5341f,2022-09-19,147476.90843,9821.69593,137655.2125,-0.00043007,3928.0,-0.00119079
20260816_083613_b5341f,2022-09-20,150377.891964,4775.696064,145602.1959,0.01967076,3932.836,0.00123116
20260816_083613_b5341f,2022-09-21,151660.010564,4775.696064,146884.3145,0.00852598,3903.735,-0.00739949
20260816_083613_b5341f,2022-09-22,151429.370164,4775.696064,146653.6741,-0.00152077,3869.344,-0.00880977
20260816_083613_b5341f,2022-09-23,149256.035164,4775.696064,144480.3391,-0.01435214,3856.021,-0.00344322
20260816_083613_b5341f,2022-09-26,143808.622864,4775.696064,139032.9268,-0.0364971,3836.677,-0.00501657
20260816_083613_b5341f,2022-09-27,145037.65309,10340.29949,134697.3536,0.00854629,3892.296,0.01449666
20260816_083613_b5341f,2022-09-28,141236.72789,10340.29949,130896.4284,-0.02620647,3828.71,-0.01633637
20260816_083613_b5341f,2022-09-29,141156.35929,10340.29949,130816.0598,-0.00056903,3827.144,-0.00040902
20260816_083613_b5341f,2022-09-30,139739.32449,10340.29949,129399.025,-0.01003876,3804.886,-0.00581583
20260816_083613_b5341f,2022-10-10,140233.88869,10340.29949,129893.5892,0.00353919,3720.936,-0.02206374
20260816_083613_b5341f,2022-10-11,140239.359541,27716.026941,112523.3326,3.901e-05,3727.687,0.00181433
20260816_083613_b5341f,2022-10-12,141369.975941,27716.026941,113653.949,0.00806205,3784.307,0.01518904
20260816_083613_b5341f,2022-10-13,143020.823941,27716.026941,115304.797,0.0116775,3752.673,-0.00835926
20260816_083613_b5341f,2022-10-14,146735.577341,27716.026941,119019.5504,0.02597351,3842.47,0.02392881
20260816_083613_b5341f,2022-10-17,150189.073841,27716.026941,122473.0469,0.02353551,3846.412,0.0010259
20260816_083613_b5341f,2022-10-18,151306.660441,27716.026941,123590.6335,0.0074412,3838.266,-0.00211782
20260816_083613_b5341f,2022-10-19,150262.892141,27716.026941,122546.8652,-0.00689836,3776.534,-0.0160833
20260816_083613_b5341f,2022-10-20,150295.277341,27716.026941,122579.2504,0.00021552,3754.927,-0.00572138
20260816_083613_b5341f,2022-10-21,151731.338141,27716.026941,124015.3112,0.00955493,3742.893,-0.00320486
20260816_083613_b5341f,2022-10-24,147518.497441,27716.026941,119802.4705,-0.02776513,3633.374,-0.02926052
20260816_083613_b5341f,2022-10-25,145580.547741,27716.026941,117864.5208,-0.01313699,3627.454,-0.00162934
20260816_083613_b5341f,2022-10-26,150183.741541,27716.026941,122467.7146,0.03161957,3656.903,0.00811837
20260816_083613_b5341f,2022-10-27,151862.407541,27716.026941,124146.3806,0.01117741,3631.145,-0.00704367
20260816_083613_b5341f,2022-10-28,148128.286741,27716.026941,120412.2598,-0.02458884,3541.329,-0.0247349
20260816_083613_b5341f,2022-10-31,149967.033441,27716.026941,122251.0065,0.0124132,3508.704,-0.00921264
20260816_083613_b5341f,2022-11-01,151574.914741,27716.026941,123858.8878,0.01072157,3634.173,0.03575936
20260816_083613_b5341f,2022-11-02,152185.776241,27716.026941,124469.7493,0.0040301,3677.805,0.01200603
20260816_083613_b5341f,2022-11-03,150969.531141,27716.026941,123253.5042,-0.00799184,3647.897,-0.00813202
20260816_083613_b5341f,2022-11-04,152055.749341,27716.026941,124339.7224,0.00719495,3767.175,0.03269774
20260816_083613_b5341f,2022-11-07,151504.809341,27716.026941,123788.7824,-0.00362328,3775.298,0.00215626
20260816_083613_b5341f,2022-11-08,153641.787041,27716.026941,125925.7601,0.01410502,3749.326,-0.00687946
20260816_083613_b5341f,2022-11-09,157157.083541,27716.026941,129441.0566,0.02287982,3714.27,-0.00934995
20260816_083613_b5341f,2022-11-10,158084.987941,27716.026941,130368.961,0.00590431,3685.689,-0.00769492
20260816_083613_b5341f,2022-11-11,156561.816241,27716.026941,128845.7893,-0.00963514,3788.439,0.0278781
20260816_083613_b5341f,2022-11-14,159873.789841,27716.026941,132157.7629,0.02115441,3794.017,0.00147237
20260816_083613_b5341f,2022-11-15,159737.121741,27716.026941,132021.0948,-0.00085485,3865.973,0.01896565
20260816_083613_b5341f,2022-11-16,159587.258141,27716.026941,131871.2312,-0.00093819,3834.39,-0.00816948
20260816_083613_b5341f,2022-11-17,162914.249441,27716.026941,135198.2225,0.02084747,3818.664,-0.0041013
20260816_083613_b5341f,2022-11-18,164191.139241,27716.026941,136475.1123,0.0078378,3801.569,-0.0044767
20260816_083613_b5341f,2022-11-21,165657.414141,27716.026941,137941.3872,0.00893029,3769.126,-0.00853411
20260816_083613_b5341f,2022-11-22,159932.106541,27716.026941,132216.0796,-0.03456113,3769.573,0.0001186
20260816_083613_b5341f,2022-11-23,156766.460741,27716.026941,129050.4338,-0.01979369,3773.529,0.00104946
20260816_083613_b5341f,2022-11-24,158153.199641,27716.026941,130437.1727,0.00884589,3756.808,-0.00443113
20260816_083613_b5341f,2022-11-25,156199.964841,27716.026941,128483.9379,-0.01235027,3775.777,0.00504923
20260816_083613_b5341f,2022-11-28,155134.262641,27716.026941,127418.2357,-0.00682268,3733.243,-0.01126497
20260816_083613_b5341f,2022-11-29,160480.695941,27716.026941,132764.669,0.03446327,3848.422,0.03085226
20260816_083613_b5341f,2022-11-30,158815.106541,27716.026941,131099.0796,-0.01037875,3853.036,0.00119893
20260816_083613_b5341f,2022-12-01,157298.423341,27716.026941,129582.3964,-0.00954999,3894.769,0.0108312
20260816_083613_b5341f,2022-12-02,159137.957641,27716.026941,131421.9307,0.01169455,3870.947,-0.00611641
20260816_083613_b5341f,2022-12-05,162127.432441,27716.026941,134411.4055,0.01878543,3946.876,0.0196151
20260816_083613_b5341f,2022-12-06,160195.427641,27716.026941,132479.4007,-0.01191658,3968.198,0.00540225
20260816_083613_b5341f,2022-12-07,166544.510641,27716.026941,138828.4837,0.03963336,3958.441,-0.0024588
20260816_083613_b5341f,2022-12-08,166677.993341,27716.026941,138961.9664,0.00080148,3959.18,0.00018669
20260816_083613_b5341f,2022-12-09,166178.415941,27716.026941,138462.389,-0.00299726,3998.245,0.00986694
20260816_083613_b5341f,2022-12-12,172003.535041,27716.026941,144287.5081,0.0350534,3953.443,-0.01120542
20260816_083613_b5341f,2022-12-13,171144.748541,27716.026941,143428.7216,-0.00499284,3945.682,-0.0019631
20260816_083613_b5341f,2022-12-14,163108.736241,27716.026941,135392.7093,-0.04695448,3954.886,0.00233268
20260816_083613_b5341f,2022-12-15,163928.619441,27716.026941,136212.5925,0.00502661,3951.989,-0.00073251
20260816_083613_b5341f,2022-12-16,167149.682941,27716.026941,139433.656,0.01964918,3954.227,0.0005663
20260816_083613_b5341f,2022-12-19,159697.797941,27716.026941,131981.771,-0.04458211,3893.221,-0.01542805
20260816_083613_b5341f,2022-12-20,157091.096441,27716.026941,129375.0695,-0.01632271,3829.017,-0.01649123
20260816_083613_b5341f,2022-12-21,156251.244941,27716.026941,128535.218,-0.00534627,3830.539,0.00039749
20260816_083613_b5341f,2022-12-22,152710.742041,27716.026941,124994.7151,-0.02265904,3836.028,0.00143296
20260816_083613_b5341f,2022-12-23,152611.592841,27716.026941,124895.5659,-0.00064926,3828.219,-0.0020357
20260816_083613_b5341f,2022-12-26,150728.648441,27716.026941,123012.6215,-0.01233815,3843.489,0.0039888
20260816_083613_b5341f,2022-12-27,147888.832641,27716.026941,120172.8057,-0.01884058,3887.854,0.0115429
20260816_083613_b5341f,2022-12-28,147259.434241,27716.026941,119543.4073,-0.00425589,3871.265,-0.00426688
20260816_083613_b5341f,2022-12-29,148653.239741,27716.026941,120937.2128,0.00946497,3856.7,-0.00376234
20260816_083613_b5341f,2022-12-30,147965.705241,27716.026941,120249.6783,-0.00462509,3871.634,0.00387222
